"category","name","rel_path","dir","size_kb","modified"
"experiments","NOTIFICATION_TEMPLATES_OUTLINE.md","docs\active\NOTIFICATION_TEMPLATES_OUTLINE.md","docs\active","6.25","2026-01-31T20:29:41"
"experiments","TEMPLATES_EXPLAINED_COMPLETE_GUIDE.md","docs\architecture\TEMPLATES_EXPLAINED_COMPLETE_GUIDE.md","docs\architecture","9.81","2026-01-31T20:29:41"
"experiments","TEMPLATES_QUICK_ANSWER.md","docs\architecture\TEMPLATES_QUICK_ANSWER.md","docs\architecture","2","2026-01-31T20:29:41"
"experiments","TEMPLATE_WORKFLOW_VISUAL.md","docs\guides\TEMPLATE_WORKFLOW_VISUAL.md","docs\guides","12.89","2026-01-31T20:29:41"
"iterative_logs","COMPLETE_ANALYSIS.md","docs\_archive\old-analyses\COMPLETE_ANALYSIS.md","docs\_archive\old-analyses","8.69","2026-01-31T20:29:41"
"iterative_logs","WORKFLOW_FIX_AUDIT_AUTOFIX.md","docs\_archive\old-misc\WORKFLOW_FIX_AUDIT_AUTOFIX.md","docs\_archive\old-misc","2.06","2026-01-31T20:29:41"
"iterative_logs","PHASE1_COMPLETE.md","docs\_archive\old-plans\PHASE1_COMPLETE.md","docs\_archive\old-plans","4.27","2026-01-31T20:29:41"
"iterative_logs","PHASE3_COMPLETE.md","docs\_archive\old-plans\PHASE3_COMPLETE.md","docs\_archive\old-plans","5.2","2026-01-31T20:29:41"
"iterative_logs","PHASE5_COMPLETE.md","docs\_archive\old-plans\PHASE5_COMPLETE.md","docs\_archive\old-plans","7.45","2026-01-31T20:29:41"
"iterative_logs","FINAL_WORKER_TEST_STATUS.md","docs\_archive\old-tests\FINAL_WORKER_TEST_STATUS.md","docs\_archive\old-tests","1.9","2026-01-31T20:29:41"
"iterative_logs","TEST_FIXES_IMPLEMENTED.md","docs\_archive\old-tests\TEST_FIXES_IMPLEMENTED.md","docs\_archive\old-tests","7.28","2026-01-31T20:29:41"
"iterative_logs","TEST_FIXES_SUMMARY.md","docs\_archive\old-tests\TEST_FIXES_SUMMARY.md","docs\_archive\old-tests","2.11","2026-01-31T20:29:41"
"iterative_logs","TEST_PASSWORD_HASH_FIX_DIFFS.md","docs\_archive\old-tests\TEST_PASSWORD_HASH_FIX_DIFFS.md","docs\_archive\old-tests","3.61","2026-01-31T20:29:41"
"iterative_logs","TEST_PASSWORD_HASH_FIX_SUMMARY.md","docs\_archive\old-tests\TEST_PASSWORD_HASH_FIX_SUMMARY.md","docs\_archive\old-tests","3.91","2026-01-31T20:29:41"
"iterative_logs","TEST_STATUS_SUMMARY.md","docs\_archive\old-tests\TEST_STATUS_SUMMARY.md","docs\_archive\old-tests","4.92","2026-01-31T20:29:41"
"iterative_logs","V1_HARDENING_TEST_FIXES.md","docs\_archive\old-tests\V1_HARDENING_TEST_FIXES.md","docs\_archive\old-tests","1.98","2025-12-21T00:53:32"
"iterative_logs","WORKER_DRY_RUN_FINAL_STATUS.md","docs\_archive\old-tests\WORKER_DRY_RUN_FINAL_STATUS.md","docs\_archive\old-tests","2.24","2026-01-31T20:29:41"
"iterative_logs","WORKER_TEST_PROGRESS.md","docs\_archive\old-tests\WORKER_TEST_PROGRESS.md","docs\_archive\old-tests","0.53","2025-12-21T00:53:32"
"iterative_logs","API_DOCUMENTATION_FINAL_STATUS.md","docs\active\API_DOCUMENTATION_FINAL_STATUS.md","docs\active","5.74","2026-01-31T20:29:41"
"iterative_logs","API_DOCUMENTATION_STATUS.md","docs\active\API_DOCUMENTATION_STATUS.md","docs\active","5.15","2026-01-31T20:29:41"
"iterative_logs","FRONTEND_AUTH_FIX.md","docs\active\FRONTEND_AUTH_FIX.md","docs\active","0","2026-01-31T20:29:41"
"iterative_logs","GAMIFICATION_SYSTEM_COMPLETE.md","docs\admin\GAMIFICATION_SYSTEM_COMPLETE.md","docs\admin","14.33","2026-01-09T16:07:53"
"iterative_logs","AI_ASSISTANT_SETUP_STATUS.md","docs\ai-assistant\AI_ASSISTANT_SETUP_STATUS.md","docs\ai-assistant","5.69","2026-01-31T20:29:41"
"iterative_logs","ALL_ENDPOINTS_COMPLETE.md","docs\architecture\ALL_ENDPOINTS_COMPLETE.md","docs\architecture","7.21","2026-01-31T20:29:41"
"iterative_logs","COMPLETE_API_ENDPOINTS.md","docs\architecture\COMPLETE_API_ENDPOINTS.md","docs\architecture","9.69","2026-01-31T20:29:41"
"iterative_logs","COMPLETE_FRONTEND_COMPONENTS_GUIDE.md","docs\architecture\COMPLETE_FRONTEND_COMPONENTS_GUIDE.md","docs\architecture","17.8","2026-01-31T20:29:41"
"iterative_logs","7_DAY_PROGRESSIVE_PLAN.md","docs\archive\7_DAY_PROGRESSIVE_PLAN.md","docs\archive","9.53","2026-01-31T20:29:41"
"iterative_logs","ADMIN_SYSTEM_COMPLETE.md","docs\archive\ADMIN_SYSTEM_COMPLETE.md","docs\archive","10.93","2026-01-31T20:29:41"
"iterative_logs","ALL_RECOMMENDATIONS_COMPLETE.md","docs\archive\ALL_RECOMMENDATIONS_COMPLETE.md","docs\archive","1.65","2026-01-31T20:29:41"
"iterative_logs","ALL_TODOS_COMPLETE.md","docs\archive\ALL_TODOS_COMPLETE.md","docs\archive","4.73","2026-01-31T20:29:41"
"iterative_logs","AUDIT_FIXES.md","docs\archive\AUDIT_FIXES.md","docs\archive","6.08","2026-01-31T20:29:41"
"iterative_logs","BUILD_COMPLETE_SUMMARY.md","docs\archive\BUILD_COMPLETE_SUMMARY.md","docs\archive","7.68","2026-01-31T20:29:41"
"iterative_logs","BUILD_PROGRESS.md","docs\archive\BUILD_PROGRESS.md","docs\archive","3.32","2026-01-31T20:29:41"
"iterative_logs","CLEANER_PAGES_COMPLETE.md","docs\archive\CLEANER_PAGES_COMPLETE.md","docs\archive","2.58","2026-01-31T20:29:41"
"iterative_logs","COMPLETE_ALL_MISSING_ITEMS_PLAN.md","docs\archive\COMPLETE_ALL_MISSING_ITEMS_PLAN.md","docs\archive","2.51","2026-01-31T20:29:41"
"iterative_logs","COMPLETE_BUILD_PLAN.md","docs\archive\COMPLETE_BUILD_PLAN.md","docs\archive","29.61","2026-01-31T20:29:41"
"iterative_logs","COMPLETE_EXECUTION_REPORT.md","docs\archive\COMPLETE_EXECUTION_REPORT.md","docs\archive","6.84","2026-01-31T20:29:41"
"iterative_logs","COMPLETE_IMPLEMENTATION_REPORT.md","docs\archive\COMPLETE_IMPLEMENTATION_REPORT.md","docs\archive","5.96","2026-01-31T20:29:41"
"iterative_logs","COMPLETE_IMPLEMENTATION_STATUS.md","docs\archive\COMPLETE_IMPLEMENTATION_STATUS.md","docs\archive","2.71","2026-01-31T20:29:41"
"iterative_logs","COMPLETE_IMPLEMENTATION_SUMMARY.md","docs\archive\COMPLETE_IMPLEMENTATION_SUMMARY.md","docs\archive","21.49","2026-01-31T20:29:41"
"iterative_logs","COMPLETE_MISSING_ITEMS_PLAN.md","docs\archive\COMPLETE_MISSING_ITEMS_PLAN.md","docs\archive","3.71","2026-01-31T20:29:41"
"iterative_logs","COMPLETE_ROLLOUT_PLAN_V1.md","docs\archive\COMPLETE_ROLLOUT_PLAN_V1.md","docs\archive","86.25","2026-01-31T20:29:41"
"iterative_logs","COMPLETE_ROLLOUT_PLAN_V2.md","docs\archive\COMPLETE_ROLLOUT_PLAN_V2.md","docs\archive","31.32","2026-01-31T20:29:41"
"iterative_logs","COMPLETE_ROLLOUT_PLAN_V3_V4_FULL.md","docs\archive\COMPLETE_ROLLOUT_PLAN_V3_V4_FULL.md","docs\archive","26.74","2026-01-31T20:29:41"
"iterative_logs","COMPLETE_TESTING_GUIDES_SUMMARY.md","docs\archive\COMPLETE_TESTING_GUIDES_SUMMARY.md","docs\archive","10.39","2026-01-31T20:29:41"
"iterative_logs","COMPLETE_TODOS_SUMMARY.md","docs\archive\COMPLETE_TODOS_SUMMARY.md","docs\archive","3.48","2026-01-31T20:29:41"
"iterative_logs","COMPLETE_V1_SETUP_SCRIPT.md","docs\archive\COMPLETE_V1_SETUP_SCRIPT.md","docs\archive","12.24","2026-01-31T20:29:41"
"iterative_logs","COMPREHENSIVE_FRONTEND_FIX_STATUS.md","docs\archive\COMPREHENSIVE_FRONTEND_FIX_STATUS.md","docs\archive","7.76","2026-01-31T20:29:41"
"iterative_logs","CURRENT_PROGRESS_SUMMARY.md","docs\archive\CURRENT_PROGRESS_SUMMARY.md","docs\archive","3.51","2026-01-31T20:29:41"
"iterative_logs","DAY_1_SCRIPT.md","docs\archive\DAY_1_SCRIPT.md","docs\archive","29.33","2026-01-31T20:29:41"
"iterative_logs","ENDPOINT_CONNECTION_STATUS.md","docs\archive\ENDPOINT_CONNECTION_STATUS.md","docs\archive","1.45","2026-01-31T20:29:41"
"iterative_logs","FINAL_COMPLETION_SUMMARY.md","docs\archive\FINAL_COMPLETION_SUMMARY.md","docs\archive","4.1","2026-01-31T20:29:41"
"iterative_logs","FINAL_COMPREHENSIVE_STATUS.md","docs\archive\FINAL_COMPREHENSIVE_STATUS.md","docs\archive","3.58","2026-01-31T20:29:41"
"iterative_logs","FINAL_FRONTEND_FIX_SUMMARY.md","docs\archive\FINAL_FRONTEND_FIX_SUMMARY.md","docs\archive","5.16","2026-01-31T20:29:41"
"iterative_logs","FINAL_IMPLEMENTATION_STATUS.md","docs\archive\FINAL_IMPLEMENTATION_STATUS.md","docs\archive","3.77","2026-01-31T20:29:41"
"iterative_logs","FINAL_IMPLEMENTATION_SUMMARY.md","docs\archive\FINAL_IMPLEMENTATION_SUMMARY.md","docs\archive","6.26","2026-01-31T20:29:41"
"iterative_logs","FINAL_IMPROVEMENTS_COMPLETE.md","docs\archive\FINAL_IMPROVEMENTS_COMPLETE.md","docs\archive","7.44","2026-01-31T20:29:41"
"iterative_logs","FRONTEND_COMPLETE_IMPLEMENTATION_STATUS.md","docs\archive\FRONTEND_COMPLETE_IMPLEMENTATION_STATUS.md","docs\archive","4.95","2026-01-31T20:29:41"
"iterative_logs","FRONTEND_COMPLETE_OUTLINE.md","docs\archive\FRONTEND_COMPLETE_OUTLINE.md","docs\archive","20.69","2026-01-31T20:29:41"
"iterative_logs","FRONTEND_FIX_COMPLETE_STATUS.md","docs\archive\FRONTEND_FIX_COMPLETE_STATUS.md","docs\archive","3.83","2026-01-31T20:29:41"
"iterative_logs","FRONTEND_FIX_IMPLEMENTATION_PLAN.md","docs\archive\FRONTEND_FIX_IMPLEMENTATION_PLAN.md","docs\archive","7.38","2026-01-31T20:29:41"
"iterative_logs","FRONTEND_FIX_PROGRESS.md","docs\archive\FRONTEND_FIX_PROGRESS.md","docs\archive","4.82","2026-01-31T20:29:41"
"iterative_logs","GAPS_IMPLEMENTATION_PROGRESS.md","docs\archive\GAPS_IMPLEMENTATION_PROGRESS.md","docs\archive","5.77","2026-01-31T20:29:41"
"iterative_logs","IMPLEMENTATION_COMPLETE_SUMMARY.md","docs\archive\IMPLEMENTATION_COMPLETE_SUMMARY.md","docs\archive","5.67","2026-01-23T17:19:58"
"iterative_logs","IMPLEMENTATION_PROGRESS.md","docs\archive\IMPLEMENTATION_PROGRESS.md","docs\archive","3.57","2026-01-31T20:29:41"
"iterative_logs","IMPROVEMENTS_IMPLEMENTATION_STATUS.md","docs\archive\IMPROVEMENTS_IMPLEMENTATION_STATUS.md","docs\archive","6.17","2026-01-31T20:29:41"
"iterative_logs","MASTER_PLAN_PROGRESS.md","docs\archive\MASTER_PLAN_PROGRESS.md","docs\archive","2.67","2026-01-31T20:29:41"
"iterative_logs","MESSAGE_HISTORY_COMPLETE.md","docs\archive\MESSAGE_HISTORY_COMPLETE.md","docs\archive","10.59","2026-01-31T20:29:41"
"iterative_logs","MOBILE_PHASE_1_COMPLETE.md","docs\archive\MOBILE_PHASE_1_COMPLETE.md","docs\archive","3.62","2026-01-31T20:29:41"
"iterative_logs","MOBILE_PHASE_2_PROGRESS.md","docs\archive\MOBILE_PHASE_2_PROGRESS.md","docs\archive","1.92","2026-01-31T20:29:41"
"iterative_logs","MOBILE_PHASES_COMPLETE.md","docs\archive\MOBILE_PHASES_COMPLETE.md","docs\archive","4.32","2026-01-31T20:29:41"
"iterative_logs","MOVE_1_FINAL_STATUS.md","docs\archive\MOVE_1_FINAL_STATUS.md","docs\archive","3.84","2026-01-31T20:29:41"
"iterative_logs","MOVE_1_PROGRESS.md","docs\archive\MOVE_1_PROGRESS.md","docs\archive","2.08","2026-01-31T20:29:41"
"iterative_logs","MOVE_1_PROGRESS_UPDATE.md","docs\archive\MOVE_1_PROGRESS_UPDATE.md","docs\archive","2.88","2026-01-31T20:29:41"
"iterative_logs","NAVIGATION_FOOTER_COMPLETE.md","docs\archive\NAVIGATION_FOOTER_COMPLETE.md","docs\archive","8.06","2026-01-31T20:29:41"
"iterative_logs","ONBOARDING_FINAL_SUMMARY.md","docs\archive\ONBOARDING_FINAL_SUMMARY.md","docs\archive","1.55","2026-01-31T20:29:41"
"iterative_logs","ONBOARDING_IMPLEMENTATION_COMPLETE.md","docs\archive\ONBOARDING_IMPLEMENTATION_COMPLETE.md","docs\archive","6.53","2026-01-23T08:53:07"
"iterative_logs","ONBOARDING_IMPLEMENTATION_PROGRESS.md","docs\archive\ONBOARDING_IMPLEMENTATION_PROGRESS.md","docs\archive","4.37","2026-01-23T08:29:50"
"iterative_logs","PHASE_4_5_COMPLETE_SUMMARY.md","docs\archive\PHASE_4_5_COMPLETE_SUMMARY.md","docs\archive","3.42","2026-01-23T03:57:54"
"iterative_logs","PROGRESS_UPDATE.md","docs\archive\PROGRESS_UPDATE.md","docs\archive","2.37","2026-01-31T20:29:41"
"iterative_logs","PURETASK_COMPLETE_TESTING_MASTER_GUIDE.md","docs\archive\PURETASK_COMPLETE_TESTING_MASTER_GUIDE.md","docs\archive","15.94","2026-01-31T20:29:41"
"iterative_logs","SOFT_LAUNCH_DAILY_TRACKER.md","docs\archive\SOFT_LAUNCH_DAILY_TRACKER.md","docs\archive","7.05","2026-01-31T20:29:41"
"iterative_logs","STYLING_FIXES_APPLIED.md","docs\archive\STYLING_FIXES_APPLIED.md","docs\archive","3.95","2026-01-31T20:29:41"
"iterative_logs","TERMINAL_STATUS_REPORT.md","docs\archive\TERMINAL_STATUS_REPORT.md","docs\archive","1.87","2026-01-31T20:29:41"
"iterative_logs","TEST_FIXES_APPLIED.md","docs\archive\TEST_FIXES_APPLIED.md","docs\archive","2.41","2026-01-31T20:29:41"
"iterative_logs","TESTING_COMPLETE_GUIDE.md","docs\archive\TESTING_COMPLETE_GUIDE.md","docs\archive","12.02","2026-01-31T20:29:41"
"iterative_logs","TESTING_COMPLETE_IMPLEMENTATION.md","docs\archive\TESTING_COMPLETE_IMPLEMENTATION.md","docs\archive","8.59","2026-01-31T20:29:41"
"iterative_logs","TESTING_COMPLETE_SUMMARY.md","docs\archive\TESTING_COMPLETE_SUMMARY.md","docs\archive","8.93","2026-01-31T20:29:41"
"iterative_logs","TESTING_FINAL_STATUS.md","docs\archive\TESTING_FINAL_STATUS.md","docs\archive","7.07","2026-01-31T20:29:41"
"iterative_logs","TESTING_IMPLEMENTATION_COMPLETE.md","docs\archive\TESTING_IMPLEMENTATION_COMPLETE.md","docs\archive","9.02","2026-01-31T20:29:41"
"iterative_logs","TESTING_IMPLEMENTATION_STATUS.md","docs\archive\TESTING_IMPLEMENTATION_STATUS.md","docs\archive","4.66","2026-01-31T20:29:41"
"iterative_logs","TESTING_REMAINING_TESTS_COMPLETE.md","docs\archive\TESTING_REMAINING_TESTS_COMPLETE.md","docs\archive","6.18","2026-01-31T20:29:41"
"iterative_logs","TESTING_STRATEGY_COMPLETE.md","docs\archive\TESTING_STRATEGY_COMPLETE.md","docs\archive","36.76","2026-01-31T20:29:41"
"iterative_logs","THE_COMPLETE_MANSION.md","docs\archive\THE_COMPLETE_MANSION.md","docs\archive","42.12","2026-01-31T20:29:41"
"iterative_logs","TYPESCRIPT_FIXES_SUMMARY.md","docs\archive\TYPESCRIPT_FIXES_SUMMARY.md","docs\archive","2.13","2026-01-31T20:29:41"
"iterative_logs","PURETASK_FINAL_BLUEPRINT_OVERVIEW.md","docs\blueprint\PURETASK_FINAL_BLUEPRINT_OVERVIEW.md","docs\blueprint","6.29","2026-01-31T20:29:41"
"iterative_logs","COMPLETE_NEON_SETUP.md","docs\database\COMPLETE_NEON_SETUP.md","docs\database","6.59","2026-01-31T20:29:41"
"iterative_logs","NEON_FIX_INSTRUCTIONS.md","docs\database\NEON_FIX_INSTRUCTIONS.md","docs\database","3.15","2026-01-09T18:56:50"
"iterative_logs","GITHUB_SAVE_COMPLETE.md","docs\deployment\GITHUB_SAVE_COMPLETE.md","docs\deployment","1.94","2026-01-31T20:29:41"
"iterative_logs","ADMIN_USER_COMPLETE_GUIDE.md","docs\guides\ADMIN_USER_COMPLETE_GUIDE.md","docs\guides","21.73","2026-01-31T20:29:41"
"iterative_logs","CLEANER_USER_COMPLETE_GUIDE.md","docs\guides\CLEANER_USER_COMPLETE_GUIDE.md","docs\guides","30.85","2026-01-31T20:29:41"
"iterative_logs","CLIENT_USER_COMPLETE_GUIDE.md","docs\guides\CLIENT_USER_COMPLETE_GUIDE.md","docs\guides","27.09","2026-01-31T20:29:41"
"iterative_logs","COMPLETE_PLATFORM_ANALYSIS.md","docs\guides\COMPLETE_PLATFORM_ANALYSIS.md","docs\guides","31.67","2026-01-31T20:29:41"
"iterative_logs","COMPLETE_UNDERSTANDING_SUMMARY.md","docs\guides\COMPLETE_UNDERSTANDING_SUMMARY.md","docs\guides","19.01","2026-01-31T20:29:41"
"iterative_logs","JOB_STATUS_MACHINE.md","docs\specs\job\JOB_STATUS_MACHINE.md","docs\specs\job","3.42","2026-01-31T20:29:41"
"iterative_logs","ALL_TASKS_COMPLETE.md","docs\status-reports\ALL_TASKS_COMPLETE.md","docs\status-reports","1.76","2026-01-31T20:29:41"
"iterative_logs","COMPLETE_ORGANIZATION_SUMMARY.md","docs\status-reports\COMPLETE_ORGANIZATION_SUMMARY.md","docs\status-reports","7.18","2026-01-31T20:29:41"
"iterative_logs","EXECUTION_COMPLETE.md","docs\status-reports\EXECUTION_COMPLETE.md","docs\status-reports","2.33","2026-01-31T20:29:41"
"iterative_logs","FINAL_EXECUTION_STATUS.md","docs\status-reports\FINAL_EXECUTION_STATUS.md","docs\status-reports","5.52","2026-01-31T20:29:41"
"iterative_logs","FINAL_PRE_LAUNCH_SUMMARY.md","docs\status-reports\FINAL_PRE_LAUNCH_SUMMARY.md","docs\status-reports","7.31","2026-01-31T20:29:41"
"iterative_logs","MASTER_STATUS.md","docs\status-reports\MASTER_STATUS.md","docs\status-reports","11.58","2026-01-31T20:29:41"
"iterative_logs","PRE_LAUNCH_COMPLETE_SUMMARY.md","docs\status-reports\PRE_LAUNCH_COMPLETE_SUMMARY.md","docs\status-reports","13.97","2026-01-31T20:29:41"
"iterative_logs","PRE_LAUNCH_OPTIMIZATION_PROGRESS.md","docs\status-reports\PRE_LAUNCH_OPTIMIZATION_PROGRESS.md","docs\status-reports","7.17","2026-01-31T20:29:41"
"iterative_logs","BUTTONS_FIXED_DEMO_MODE.md","docs\testing\BUTTONS_FIXED_DEMO_MODE.md","docs\testing","3.85","2026-01-31T20:29:41"
"iterative_logs","QUICK_FIX_TEST_PAGE_STYLES.md","docs\testing\QUICK_FIX_TEST_PAGE_STYLES.md","docs\testing","4.24","2026-01-31T20:29:41"
"iterative_logs","TAILWIND_FIX_APPLIED.md","docs\testing\TAILWIND_FIX_APPLIED.md","docs\testing","1.91","2026-01-31T20:29:41"
"iterative_logs","V3_COMPLETE_OVERVIEW.md","docs\V3_COMPLETE_OVERVIEW.md","docs","17.84","2026-01-31T20:29:41"
"iterative_logs","V3_FINAL_STATUS.md","docs\V3_FINAL_STATUS.md","docs","3.25","2026-01-31T20:29:41"
"iterative_logs","V3_IMPLEMENTATION_COMPLETE.md","docs\V3_IMPLEMENTATION_COMPLETE.md","docs","6.34","2026-01-31T20:29:41"
"iterative_logs","V4_IMPLEMENTATION_COMPLETE.md","docs\V4_IMPLEMENTATION_COMPLETE.md","docs","5.25","2026-01-31T20:29:41"
"iterative_logs","FINAL_PLATFORM_CAPABILITIES.md","product\FINAL_PLATFORM_CAPABILITIES.md","product","0","2026-01-31T20:29:41"
"iterative_logs","WORKER_STATUS.md","src\workers\WORKER_STATUS.md","src\workers","7.82","2026-01-31T20:29:41"
"reference_docs","README.md",".githooks\README.md",".githooks","0.29","2026-01-31T20:23:55"
"reference_docs","copilot-instructions.md",".github\copilot-instructions.md",".github","4.25","2025-12-21T02:29:21"
"reference_docs","README.md","DB\migrations\README.md","DB\migrations","4.27","2025-12-21T00:53:32"
"reference_docs","README_CONSOLIDATED_SCHEMAS.md","DB\migrations\README_CONSOLIDATED_SCHEMAS.md","DB\migrations","5.22","2026-01-06T13:46:14"
"reference_docs","API_REFERENCE.md","docs\_active\architecture\API_REFERENCE.md","docs\_active\architecture","15.72","2026-01-31T20:29:41"
"reference_docs","ARCHITECTURE.md","docs\_active\architecture\ARCHITECTURE.md","docs\_active\architecture","0.1","2025-12-21T00:53:32"
"reference_docs","ARCHITECTURE_SUMMARY.md","docs\_active\architecture\ARCHITECTURE_SUMMARY.md","docs\_active\architecture","3.84","2025-12-21T04:16:24"
"reference_docs","architecture-what-lives-where.md","docs\_active\architecture\architecture-what-lives-where.md","docs\_active\architecture","11.03","2025-12-21T04:16:40"
"reference_docs","CAPABILITIES.md","docs\_active\architecture\CAPABILITIES.md","docs\_active\architecture","14.71","2026-01-31T20:29:41"
"reference_docs","PURETASK_MASTER_GUIDE.md","docs\_active\architecture\PURETASK_MASTER_GUIDE.md","docs\_active\architecture","55.79","2025-12-21T00:53:32"
"reference_docs","DATABASE_SETUP.md","docs\_active\deployment\DATABASE_SETUP.md","docs\_active\deployment","2.58","2025-12-21T00:53:32"
"reference_docs","ENV_TEMPLATE.md","docs\_active\deployment\ENV_TEMPLATE.md","docs\_active\deployment","4.02","2025-12-21T00:53:32"
"reference_docs","NEON_SETUP_GUIDE.md","docs\_active\deployment\NEON_SETUP_GUIDE.md","docs\_active\deployment","6.89","2025-12-21T00:53:32"
"reference_docs","STAGING_ENVIRONMENT.md","docs\_active\deployment\STAGING_ENVIRONMENT.md","docs\_active\deployment","6.96","2025-12-21T00:53:32"
"reference_docs","DATABASE_CONNECTION_TROUBLESHOOTING.md","docs\_active\development\DATABASE_CONNECTION_TROUBLESHOOTING.md","docs\_active\development","3.02","2025-12-21T00:53:32"
"reference_docs","DEVELOPMENT_WORKFLOW_GUIDE.md","docs\_active\development\DEVELOPMENT_WORKFLOW_GUIDE.md","docs\_active\development","14.67","2026-01-31T20:29:41"
"reference_docs","MIGRATION_BEST_PRACTICES.md","docs\_active\development\MIGRATION_BEST_PRACTICES.md","docs\_active\development","6.25","2025-12-21T00:53:32"
"reference_docs","MIGRATION_GUIDE.md","docs\_active\development\MIGRATION_GUIDE.md","docs\_active\development","7.47","2025-12-21T00:53:32"
"reference_docs","POSTMAN_API_KEY_SETUP.md","docs\_active\development\POSTMAN_API_KEY_SETUP.md","docs\_active\development","2.02","2026-01-31T20:29:41"
"reference_docs","QUICK_REFERENCE_COMMANDS.md","docs\_active\development\QUICK_REFERENCE_COMMANDS.md","docs\_active\development","4.28","2025-12-21T07:16:18"
"reference_docs","SETUP_INSTRUCTIONS.md","docs\_active\development\SETUP_INSTRUCTIONS.md","docs\_active\development","2.99","2025-12-21T00:53:32"
"reference_docs","WINDOWS_SETUP.md","docs\_active\development\WINDOWS_SETUP.md","docs\_active\development","6.52","2025-12-21T00:53:32"
"reference_docs","DEPLOYMENT_CHECKLIST.md","docs\_active\operations\DEPLOYMENT_CHECKLIST.md","docs\_active\operations","21.28","2025-12-21T00:53:32"
"reference_docs","N8N_SETUP_COMPLETE_CHECKLIST.md","docs\_active\operations\N8N_SETUP_COMPLETE_CHECKLIST.md","docs\_active\operations","5.7","2025-12-21T07:29:36"
"reference_docs","N8N_WORKFLOW_IMPLEMENTATION_GUIDE.md","docs\_active\operations\N8N_WORKFLOW_IMPLEMENTATION_GUIDE.md","docs\_active\operations","12.96","2025-12-21T07:21:08"
"reference_docs","NOTIFICATION_SERVICE_MIGRATION.md","docs\_active\operations\NOTIFICATION_SERVICE_MIGRATION.md","docs\_active\operations","7.88","2026-01-31T20:29:41"
"reference_docs","SECURITY_AUDIT_WORKFLOW_GUIDE.md","docs\_active\operations\SECURITY_AUDIT_WORKFLOW_GUIDE.md","docs\_active\operations","7.87","2025-12-21T06:00:55"
"reference_docs","WORKER_SCHEDULE.md","docs\_active\operations\WORKER_SCHEDULE.md","docs\_active\operations","7.51","2026-01-31T20:29:41"
"reference_docs","JWT_AUTHENTICATION_GUIDE.md","docs\_archive\cleanup-2026-01-29\JWT_AUTHENTICATION_GUIDE.md","docs\_archive\cleanup-2026-01-29","14.2","2025-12-27T15:09:12"
"reference_docs","N8N_MCP_INTEGRATION.md","docs\_archive\cleanup-2026-01-29\N8N_MCP_INTEGRATION.md","docs\_archive\cleanup-2026-01-29","8.17","2025-12-27T16:41:38"
"reference_docs","README.md","docs\_archive\cleanup-2026-01-29\README.md","docs\_archive\cleanup-2026-01-29","1.29","2026-01-29T06:58:53"
"reference_docs","SERVER_STARTUP_ISSUES_ANALYSIS.md","docs\_archive\cleanup-2026-01-29\SERVER_STARTUP_ISSUES_ANALYSIS.md","docs\_archive\cleanup-2026-01-29","4.55","2026-01-27T23:25:46"
"reference_docs","STRIPE_TESTING.md","docs\_archive\cleanup-2026-01-29\STRIPE_TESTING.md","docs\_archive\cleanup-2026-01-29","5.56","2025-12-21T00:53:32"
"reference_docs","TROUBLESHOOTING.md","docs\_archive\cleanup-2026-01-29\TROUBLESHOOTING.md","docs\_archive\cleanup-2026-01-29","5.15","2026-01-28T17:58:37"
"reference_docs","V1_COMPLETE_SUMMARY.md","docs\_archive\cleanup-2026-01-29\V1_COMPLETE_SUMMARY.md","docs\_archive\cleanup-2026-01-29","3.93","2025-12-21T00:53:32"
"reference_docs","V2_EXECUTION_COMPLETE.md","docs\_archive\cleanup-2026-01-29\V2_EXECUTION_COMPLETE.md","docs\_archive\cleanup-2026-01-29","5.95","2025-12-21T00:53:32"
"reference_docs","V2_EXECUTION_PLAN.md","docs\_archive\cleanup-2026-01-29\V2_EXECUTION_PLAN.md","docs\_archive\cleanup-2026-01-29","6.67","2025-12-21T00:53:32"
"reference_docs","V3_COMPLETE_SUMMARY.md","docs\_archive\cleanup-2026-01-29\V3_COMPLETE_SUMMARY.md","docs\_archive\cleanup-2026-01-29","4.4","2025-12-21T00:53:32"
"reference_docs","V3_DEPLOYMENT_COMPLETE.md","docs\_archive\cleanup-2026-01-29\V3_DEPLOYMENT_COMPLETE.md","docs\_archive\cleanup-2026-01-29","3.92","2025-12-21T00:53:32"
"reference_docs","V3_DEPLOYMENT_VERIFICATION.md","docs\_archive\cleanup-2026-01-29\V3_DEPLOYMENT_VERIFICATION.md","docs\_archive\cleanup-2026-01-29","7.73","2025-12-21T00:53:32"
"reference_docs","V3_NEXT_STEPS.md","docs\_archive\cleanup-2026-01-29\V3_NEXT_STEPS.md","docs\_archive\cleanup-2026-01-29","6.55","2025-12-21T00:53:32"
"reference_docs","V3_NEXT_STEPS_COMPLETE.md","docs\_archive\cleanup-2026-01-29\V3_NEXT_STEPS_COMPLETE.md","docs\_archive\cleanup-2026-01-29","4.21","2025-12-21T00:53:32"
"reference_docs","V4_DEPLOYMENT_COMPLETE.md","docs\_archive\cleanup-2026-01-29\V4_DEPLOYMENT_COMPLETE.md","docs\_archive\cleanup-2026-01-29","5.9","2025-12-21T00:53:32"
"reference_docs","V4_DEPLOYMENT_VERIFICATION.md","docs\_archive\cleanup-2026-01-29\V4_DEPLOYMENT_VERIFICATION.md","docs\_archive\cleanup-2026-01-29","6.9","2025-12-21T00:53:32"
"reference_docs","ANALYSIS_DOCUMENTS_COMPARISON.md","docs\_archive\old-analyses\ANALYSIS_DOCUMENTS_COMPARISON.md","docs\_archive\old-analyses","8.24","2025-12-21T03:06:08"
"reference_docs","ANALYSIS_REPORT.md","docs\_archive\old-analyses\ANALYSIS_REPORT.md","docs\_archive\old-analyses","8.55","2025-12-21T00:53:32"
"reference_docs","BACKEND_REVIEW_ANALYSIS.md","docs\_archive\old-analyses\BACKEND_REVIEW_ANALYSIS.md","docs\_archive\old-analyses","22.27","2025-12-21T02:13:07"
"reference_docs","BEST_PRACTICES_AUDIT.md","docs\_archive\old-analyses\BEST_PRACTICES_AUDIT.md","docs\_archive\old-analyses","14.1","2026-01-31T20:29:41"
"reference_docs","CURRENT_SYSTEM_INVENTORY.md","docs\_archive\old-analyses\CURRENT_SYSTEM_INVENTORY.md","docs\_archive\old-analyses","25.1","2025-12-21T00:53:32"
"reference_docs","INTEGRATION_TESTS_REVIEW.md","docs\_archive\old-analyses\INTEGRATION_TESTS_REVIEW.md","docs\_archive\old-analyses","9.43","2025-12-21T00:53:32"
"reference_docs","PROJECT_ANALYSIS_2025.md","docs\_archive\old-analyses\PROJECT_ANALYSIS_2025.md","docs\_archive\old-analyses","10.62","2025-12-21T00:53:32"
"reference_docs","PROJECT_COMPREHENSIVE_REVIEW.md","docs\_archive\old-analyses\PROJECT_COMPREHENSIVE_REVIEW.md","docs\_archive\old-analyses","23.09","2025-12-21T04:46:31"
"reference_docs","V1_READINESS_ASSESSMENT.md","docs\_archive\old-analyses\V1_READINESS_ASSESSMENT.md","docs\_archive\old-analyses","6.87","2025-12-21T00:53:32"
"reference_docs","V1_REQUIREMENTS_AUDIT.md","docs\_archive\old-analyses\V1_REQUIREMENTS_AUDIT.md","docs\_archive\old-analyses","8.36","2026-01-31T20:29:41"
"reference_docs","V1_REVIEW_ANALYSIS.md","docs\_archive\old-analyses\V1_REVIEW_ANALYSIS.md","docs\_archive\old-analyses","9.74","2026-01-31T20:29:41"
"reference_docs","ARCHITECTURE_ENFORCEMENT_GUIDE.md","docs\_archive\old-misc\ARCHITECTURE_ENFORCEMENT_GUIDE.md","docs\_archive\old-misc","11.81","2025-12-21T04:16:24"
"reference_docs","ARCHITECTURE_MIGRATION_GUIDE.md","docs\_archive\old-misc\ARCHITECTURE_MIGRATION_GUIDE.md","docs\_archive\old-misc","10.97","2025-12-21T04:16:24"
"reference_docs","DB_SCHEMA_EXPORT_GUIDE.md","docs\_archive\old-misc\DB_SCHEMA_EXPORT_GUIDE.md","docs\_archive\old-misc","6.18","2025-12-21T00:53:32"
"reference_docs","MCP_SERVERS_FIX_GUIDE.md","docs\_archive\old-misc\MCP_SERVERS_FIX_GUIDE.md","docs\_archive\old-misc","1.42","2025-12-21T00:53:32"
"reference_docs","MCP_SERVERS_REVIEW.md","docs\_archive\old-misc\MCP_SERVERS_REVIEW.md","docs\_archive\old-misc","6.78","2025-12-21T00:53:32"
"reference_docs","MIGRATION_EXECUTION_GUIDE.md","docs\_archive\old-misc\MIGRATION_EXECUTION_GUIDE.md","docs\_archive\old-misc","4.15","2025-12-21T00:53:32"
"reference_docs","MIGRATION_REQUIRED_FOR_TESTS.md","docs\_archive\old-misc\MIGRATION_REQUIRED_FOR_TESTS.md","docs\_archive\old-misc","1.79","2025-12-21T00:53:32"
"reference_docs","TESTING_DATA_SETUP.md","docs\_archive\old-misc\TESTING_DATA_SETUP.md","docs\_archive\old-misc","6.04","2025-12-21T00:53:32"
"reference_docs","CURSOR_BUILD_PLAN.md","docs\_archive\old-plans\CURSOR_BUILD_PLAN.md","docs\_archive\old-plans","5.02","2025-12-21T00:53:32"
"reference_docs","CURSOR_COMMAND.md","docs\_archive\old-plans\CURSOR_COMMAND.md","docs\_archive\old-plans","5.29","2025-12-21T00:53:32"
"reference_docs","FINAL_STATUS.md","docs\_archive\old-plans\FINAL_STATUS.md","docs\_archive\old-plans","3.44","2026-01-31T20:29:41"
"reference_docs","FIXES_SUMMARY.md","docs\_archive\old-plans\FIXES_SUMMARY.md","docs\_archive\old-plans","2.59","2025-12-21T00:53:32"
"reference_docs","NEXT_STEPS.md","docs\_archive\old-plans\NEXT_STEPS.md","docs\_archive\old-plans","4","2025-12-21T00:53:32"
"reference_docs","NEXT_STEPS_ACTION_PLAN.md","docs\_archive\old-plans\NEXT_STEPS_ACTION_PLAN.md","docs\_archive\old-plans","6.84","2025-12-21T00:53:32"
"reference_docs","PHASE2_COMPLETE.md","docs\_archive\old-plans\PHASE2_COMPLETE.md","docs\_archive\old-plans","3.89","2025-12-21T00:53:32"
"reference_docs","PHASE4_COMPLETE.md","docs\_archive\old-plans\PHASE4_COMPLETE.md","docs\_archive\old-plans","7.02","2025-12-21T00:53:32"
"reference_docs","RUNBOOK_EXECUTION_SUMMARY.md","docs\_archive\old-plans\RUNBOOK_EXECUTION_SUMMARY.md","docs\_archive\old-plans","10.83","2026-01-31T20:29:41"
"reference_docs","SUMMARY.md","docs\_archive\old-plans\SUMMARY.md","docs\_archive\old-plans","3.77","2026-01-31T20:29:41"
"reference_docs","DEPLOYMENT_QUICK_START.md","docs\_archive\old-railway\DEPLOYMENT_QUICK_START.md","docs\_archive\old-railway","7.09","2025-12-21T00:53:32"
"reference_docs","RAILWAY_BEGINNERS_GUIDE.md","docs\_archive\old-railway\RAILWAY_BEGINNERS_GUIDE.md","docs\_archive\old-railway","7.26","2025-12-21T00:53:32"
"reference_docs","RAILWAY_DEPLOYMENT_FIX.md","docs\_archive\old-railway\RAILWAY_DEPLOYMENT_FIX.md","docs\_archive\old-railway","4.51","2025-12-21T00:53:32"
"reference_docs","RAILWAY_ENVIRONMENTS_GUIDE.md","docs\_archive\old-railway\RAILWAY_ENVIRONMENTS_GUIDE.md","docs\_archive\old-railway","4.09","2025-12-21T00:53:32"
"reference_docs","RAILWAY_HEALTHCHECK_FIX.md","docs\_archive\old-railway\RAILWAY_HEALTHCHECK_FIX.md","docs\_archive\old-railway","5.5","2025-12-21T00:53:32"
"reference_docs","RAILWAY_QUICK_START.md","docs\_archive\old-railway\RAILWAY_QUICK_START.md","docs\_archive\old-railway","1.62","2025-12-21T00:53:32"
"reference_docs","RAILWAY_SETUP.md","docs\_archive\old-railway\RAILWAY_SETUP.md","docs\_archive\old-railway","8.3","2025-12-21T00:53:32"
"reference_docs","DATABASE_TEST_SUMMARY.md","docs\_archive\old-tests\DATABASE_TEST_SUMMARY.md","docs\_archive\old-tests","2.71","2025-12-21T00:53:32"
"reference_docs","TESTING_STATUS.md","docs\_archive\old-tests\TESTING_STATUS.md","docs\_archive\old-tests","3.38","2026-01-31T20:29:41"
"reference_docs","V1_TEST_CHECKLIST.md","docs\_archive\old-tests\V1_TEST_CHECKLIST.md","docs\_archive\old-tests","10.12","2025-12-21T00:53:32"
"reference_docs","V1_TESTING_SUMMARY.md","docs\_archive\old-tests\V1_TESTING_SUMMARY.md","docs\_archive\old-tests","6.99","2025-12-21T00:53:32"
"reference_docs","ERROR_RECOVERY_CIRCUIT_BREAKERS.md","docs\active\00-CRITICAL\ERROR_RECOVERY_CIRCUIT_BREAKERS.md","docs\active\00-CRITICAL","19.64","2026-01-31T18:21:54"
"reference_docs","MONITORING_SETUP.md","docs\active\00-CRITICAL\MONITORING_SETUP.md","docs\active\00-CRITICAL","17.35","2026-01-31T18:21:15"
"reference_docs","PRODUCTION_READINESS_ROADMAP.md","docs\active\00-CRITICAL\PRODUCTION_READINESS_ROADMAP.md","docs\active\00-CRITICAL","30.56","2026-01-31T18:22:14"
"reference_docs","SECURITY_AUDIT_SUMMARY.md","docs\active\00-CRITICAL\SECURITY_AUDIT_SUMMARY.md","docs\active\00-CRITICAL","12.35","2026-01-31T18:22:28"
"reference_docs","SECURITY_GUARDRAILS.md","docs\active\00-CRITICAL\SECURITY_GUARDRAILS.md","docs\active\00-CRITICAL","15.09","2026-01-31T18:23:07"
"reference_docs","SECURITY_INCIDENT_RESPONSE.md","docs\active\00-CRITICAL\SECURITY_INCIDENT_RESPONSE.md","docs\active\00-CRITICAL","7.37","2026-01-31T18:23:40"
"reference_docs","BACKUP_RESTORE_PROCEDURE.md","docs\active\01-HIGH\BACKUP_RESTORE_PROCEDURE.md","docs\active\01-HIGH","10.47","2026-01-31T18:24:07"
"reference_docs","BACKUP_SETUP.md","docs\active\01-HIGH\BACKUP_SETUP.md","docs\active\01-HIGH","3.48","2026-01-31T18:24:42"
"reference_docs","CI_CD_SETUP.md","docs\active\01-HIGH\CI_CD_SETUP.md","docs\active\01-HIGH","11.14","2026-01-31T18:24:23"
"reference_docs","DATABASE_RECOVERY.md","docs\active\01-HIGH\DATABASE_RECOVERY.md","docs\active\01-HIGH","9.62","2026-01-31T18:25:00"
"reference_docs","GDPR_COMPLIANCE.md","docs\active\01-HIGH\GDPR_COMPLIANCE.md","docs\active\01-HIGH","10.55","2026-01-31T18:25:00"
"reference_docs","RATE_LIMITING.md","docs\active\01-HIGH\RATE_LIMITING.md","docs\active\01-HIGH","8.87","2026-01-31T18:25:09"
"reference_docs","ADDRESS_REMAINING_GAPS.md","docs\active\02-MEDIUM\ADDRESS_REMAINING_GAPS.md","docs\active\02-MEDIUM","37.72","2026-01-31T18:29:36"
"reference_docs","API_DOCUMENTATION.md","docs\active\02-MEDIUM\API_DOCUMENTATION.md","docs\active\02-MEDIUM","15.6","2026-01-31T18:32:58"
"reference_docs","API_EXACT_ENDPOINTS.md","docs\active\02-MEDIUM\API_EXACT_ENDPOINTS.md","docs\active\02-MEDIUM","9.21","2026-01-31T18:33:10"
"reference_docs","API_SPEC_COMPARISON.md","docs\active\02-MEDIUM\API_SPEC_COMPARISON.md","docs\active\02-MEDIUM","9.91","2026-01-31T18:34:47"
"reference_docs","ARCHITECTURE.md","docs\active\02-MEDIUM\ARCHITECTURE.md","docs\active\02-MEDIUM","20.49","2026-01-31T18:29:27"
"reference_docs","COMPREHENSIVE_GAP_ANALYSIS.md","docs\active\02-MEDIUM\COMPREHENSIVE_GAP_ANALYSIS.md","docs\active\02-MEDIUM","80.34","2026-01-31T18:38:23"
"reference_docs","CRON_JOBS_AND_NOTIFICATIONS.md","docs\active\02-MEDIUM\CRON_JOBS_AND_NOTIFICATIONS.md","docs\active\02-MEDIUM","22.55","2026-01-31T18:40:29"
"reference_docs","GAP_COMPLETION_ROADMAP.md","docs\active\02-MEDIUM\GAP_COMPLETION_ROADMAP.md","docs\active\02-MEDIUM","20.47","2026-01-31T18:37:51"
"reference_docs","N8N_EVENT_ROUTER.md","docs\active\02-MEDIUM\N8N_EVENT_ROUTER.md","docs\active\02-MEDIUM","7.49","2026-01-31T18:35:06"
"reference_docs","NOTIFICATION_DEDUPE_STRATEGY.md","docs\active\02-MEDIUM\NOTIFICATION_DEDUPE_STRATEGY.md","docs\active\02-MEDIUM","10.21","2026-01-31T18:35:33"
"reference_docs","NOTIFICATION_MATURITY_UPGRADES.md","docs\active\02-MEDIUM\NOTIFICATION_MATURITY_UPGRADES.md","docs\active\02-MEDIUM","9.88","2026-01-31T18:35:54"
"reference_docs","NOTIFICATION_SENDER_ANALYSIS.md","docs\active\02-MEDIUM\NOTIFICATION_SENDER_ANALYSIS.md","docs\active\02-MEDIUM","12.86","2026-01-31T18:36:18"
"reference_docs","NOTIFICATION_TEMPLATES_OUTLINE.md","docs\active\02-MEDIUM\NOTIFICATION_TEMPLATES_OUTLINE.md","docs\active\02-MEDIUM","9.55","2026-01-31T18:36:35"
"reference_docs","PERFORMANCE_TESTING.md","docs\active\02-MEDIUM\PERFORMANCE_TESTING.md","docs\active\02-MEDIUM","9.24","2026-01-31T18:15:17"
"reference_docs","REMAINING_ISSUES_STEPS.md","docs\active\02-MEDIUM\REMAINING_ISSUES_STEPS.md","docs\active\02-MEDIUM","20.88","2026-01-31T18:30:41"
"reference_docs","WORKER_HARDENING.md","docs\active\02-MEDIUM\WORKER_HARDENING.md","docs\active\02-MEDIUM","7.64","2026-01-31T18:15:17"
"reference_docs","CLEANUP_SUMMARY.md","docs\active\03-LOW\CLEANUP_SUMMARY.md","docs\active\03-LOW","8.82","2026-01-31T18:39:12"
"reference_docs","CONTRIBUTING.md","docs\active\03-LOW\CONTRIBUTING.md","docs\active\03-LOW","8.78","2026-01-31T18:39:27"
"reference_docs","README.md","docs\active\03-LOW\README.md","docs\active\03-LOW","3.37","2026-01-31T18:30:21"
"reference_docs","SERVER_STARTUP_ANALYSIS.md","docs\active\03-LOW\SERVER_STARTUP_ANALYSIS.md","docs\active\03-LOW","11.12","2026-01-31T18:30:32"
"reference_docs","API_DOCUMENTATION.md","docs\active\API_DOCUMENTATION.md","docs\active","5.76","2026-01-31T20:29:41"
"reference_docs","ARCHITECTURE.md","docs\active\ARCHITECTURE.md","docs\active","8.29","2026-01-31T20:29:41"
"reference_docs","AUTH_MIGRATION_STATUS.md","docs\active\AUTH_MIGRATION_STATUS.md","docs\active","3.27","2026-01-31T20:29:41"
"reference_docs","BACKEND_TIMEOUT_ISSUE.md","docs\active\BACKEND_TIMEOUT_ISSUE.md","docs\active","2.07","2026-01-31T20:29:41"
"reference_docs","BACKUP_RESTORE_PROCEDURE.md","docs\active\BACKUP_RESTORE_PROCEDURE.md","docs\active","5.11","2026-01-31T20:29:41"
"reference_docs","BACKUP_SETUP.md","docs\active\BACKUP_SETUP.md","docs\active","0.36","2026-01-31T20:29:41"
"reference_docs","CI_CD_SETUP.md","docs\active\CI_CD_SETUP.md","docs\active","5.73","2026-01-31T20:29:41"
"reference_docs","COMPREHENSIVE_GAP_ANALYSIS.md","docs\active\COMPREHENSIVE_GAP_ANALYSIS.md","docs\active","12.55","2026-01-31T20:29:41"
"reference_docs","CONTRIBUTING.md","docs\active\CONTRIBUTING.md","docs\active","4.72","2026-01-31T20:29:41"
"reference_docs","DATABASE_RECOVERY.md","docs\active\DATABASE_RECOVERY.md","docs\active","4.81","2026-01-31T20:29:41"
"reference_docs","DECISIONS.md","docs\active\DECISIONS.md","docs\active","25.2","2026-01-31T20:30:23"
"reference_docs","DEPLOYMENT.md","docs\active\DEPLOYMENT.md","docs\active","2.03","2026-01-31T20:02:15"
"reference_docs","DOCUMENTATION_INDEX.md","docs\active\DOCUMENTATION_INDEX.md","docs\active","10.93","2026-01-31T18:25:26"
"reference_docs","GAP_COMPLETION_ROADMAP.md","docs\active\GAP_COMPLETION_ROADMAP.md","docs\active","17.33","2026-01-31T20:29:41"
"reference_docs","MONITORING_SETUP.md","docs\active\MONITORING_SETUP.md","docs\active","7.47","2026-01-31T20:29:41"
"reference_docs","PERFORMANCE_TESTING.md","docs\active\PERFORMANCE_TESTING.md","docs\active","6.24","2026-01-31T20:29:41"
"reference_docs","PRODUCTION_READINESS_ROADMAP.md","docs\active\PRODUCTION_READINESS_ROADMAP.md","docs\active","26.87","2026-01-31T20:29:41"
"reference_docs","PRODUCTION_READINESS_SUMMARY.md","docs\active\PRODUCTION_READINESS_SUMMARY.md","docs\active","8.59","2026-01-31T20:29:41"
"reference_docs","RATE_LIMITING.md","docs\active\RATE_LIMITING.md","docs\active","5.65","2026-01-31T20:29:41"
"reference_docs","README.md","docs\active\README.md","docs\active","1.24","2026-01-31T20:24:15"
"reference_docs","ROUTE_PROTECTION_TABLE.md","docs\active\ROUTE_PROTECTION_TABLE.md","docs\active","7","2026-01-31T20:29:41"
"reference_docs","RUNBOOK.md","docs\active\RUNBOOK.md","docs\active","1.97","2026-01-31T20:02:29"
"reference_docs","SECTION_7_NEEDS_ASSESSMENT.md","docs\active\SECTION_7_NEEDS_ASSESSMENT.md","docs\active","3.53","2026-01-31T20:29:41"
"reference_docs","SECURITY_GUARDRAILS.md","docs\active\SECURITY_GUARDRAILS.md","docs\active","6.6","2026-01-31T20:29:41"
"reference_docs","SECURITY_INCIDENT_RESPONSE.md","docs\active\SECURITY_INCIDENT_RESPONSE.md","docs\active","2.77","2026-01-31T20:29:41"
"reference_docs","SERVER_STARTUP_ANALYSIS.md","docs\active\SERVER_STARTUP_ANALYSIS.md","docs\active","7.64","2026-01-31T20:29:41"
"reference_docs","SERVER_STARTUP_ISSUES_ANALYSIS.md","docs\active\SERVER_STARTUP_ISSUES_ANALYSIS.md","docs\active","4.55","2026-01-31T20:29:41"
"reference_docs","SERVER_STARTUP_STATUS.md","docs\active\SERVER_STARTUP_STATUS.md","docs\active","4.04","2026-01-31T20:29:41"
"reference_docs","SETUP.md","docs\active\SETUP.md","docs\active","2.05","2026-01-31T20:02:13"
"reference_docs","TROUBLESHOOTING.md","docs\active\TROUBLESHOOTING.md","docs\active","5.15","2026-01-31T20:29:41"
"reference_docs","ADMIN_QUICK_START.md","docs\admin\ADMIN_QUICK_START.md","docs\admin","7.57","2026-01-09T12:05:46"
"reference_docs","ADMIN_SETTINGS_SUITE_COMPLETE.md","docs\admin\ADMIN_SETTINGS_SUITE_COMPLETE.md","docs\admin","12.82","2026-01-09T12:28:15"
"reference_docs","ADMIN_SYSTEM_COMPLETE.md","docs\admin\ADMIN_SYSTEM_COMPLETE.md","docs\admin","13.17","2026-01-31T20:29:41"
"reference_docs","ONBOARDING_CHECKLIST_FOR_STAFF.md","docs\admin\ONBOARDING_CHECKLIST_FOR_STAFF.md","docs\admin","13.88","2026-01-09T15:55:12"
"reference_docs","ADMIN_PORTAL_SETUP.md","docs\ADMIN_PORTAL_SETUP.md","docs","9.88","2026-01-31T20:29:41"
"reference_docs","ADVANCED_AUTH_GUIDE.md","docs\ADVANCED_AUTH_GUIDE.md","docs","15.4","2025-12-27T15:55:53"
"reference_docs","AI_ASSISTANT_INTEGRATION_GUIDE.md","docs\AI_ASSISTANT_INTEGRATION_GUIDE.md","docs","16.71","2026-01-09T11:07:40"
"reference_docs","AI_ASSISTANT_COMPLETE_GUIDE.md","docs\ai-assistant\AI_ASSISTANT_COMPLETE_GUIDE.md","docs\ai-assistant","46.72","2026-01-11T13:37:07"
"reference_docs","AI_ASSISTANT_COMPLETE_MIGRATION_SUMMARY.md","docs\ai-assistant\AI_ASSISTANT_COMPLETE_MIGRATION_SUMMARY.md","docs\ai-assistant","10.57","2026-01-09T16:57:05"
"reference_docs","AI_ASSISTANT_VERIFICATION_REPORT.md","docs\ai-assistant\AI_ASSISTANT_VERIFICATION_REPORT.md","docs\ai-assistant","12.47","2026-01-09T11:23:01"
"reference_docs","AI_MIGRATION_CHECKLIST.md","docs\ai-assistant\AI_MIGRATION_CHECKLIST.md","docs\ai-assistant","11.54","2026-01-24T06:05:54"
"reference_docs","CLEANER_AI_SETTINGS_COMPLETE.md","docs\ai-assistant\CLEANER_AI_SETTINGS_COMPLETE.md","docs\ai-assistant","26.02","2026-01-09T12:40:57"
"reference_docs","CLEANER_AI_SUITE_SUMMARY.md","docs\ai-assistant\CLEANER_AI_SUITE_SUMMARY.md","docs\ai-assistant","12.3","2026-01-09T12:40:57"
"reference_docs","test-cleaner-ai-api.md","docs\ai-assistant\test-cleaner-ai-api.md","docs\ai-assistant","12.23","2026-01-09T12:40:57"
"reference_docs","ALL_VERSIONS_STATUS.md","docs\ALL_VERSIONS_STATUS.md","docs","10.59","2026-01-31T20:29:41"
"reference_docs","DOCUMENTATION_ORGANIZATION_PLAN.md","docs\architecture\DOCUMENTATION_ORGANIZATION_PLAN.md","docs\architecture","9.5","2025-12-27T00:18:18"
"reference_docs","ENV_EXAMPLE.md","docs\architecture\ENV_EXAMPLE.md","docs\architecture","3.21","2025-12-21T00:53:32"
"reference_docs","ADMIN_ACCOUNT_SETUP.md","docs\archive\ADMIN_ACCOUNT_SETUP.md","docs\archive","5.53","2026-01-11T14:34:16"
"reference_docs","AGENT_RUNBOOK_COMPLETION_REPORT.md","docs\archive\AGENT_RUNBOOK_COMPLETION_REPORT.md","docs\archive","8.37","2025-12-21T07:16:18"
"reference_docs","AUTOMATED_SETUP_SCRIPT.md","docs\archive\AUTOMATED_SETUP_SCRIPT.md","docs\archive","9.64","2026-01-31T20:29:41"
"reference_docs","BACKEND_ANALYSIS_REPORT.md","docs\archive\BACKEND_ANALYSIS_REPORT.md","docs\archive","5.7","2026-01-22T19:31:32"
"reference_docs","CLEANER_ONBOARDING_ENHANCED_OUTLINE.md","docs\archive\CLEANER_ONBOARDING_ENHANCED_OUTLINE.md","docs\archive","19.27","2026-01-23T10:20:34"
"reference_docs","DEVELOPER_ONBOARDING.md","docs\archive\DEVELOPER_ONBOARDING.md","docs\archive","6.48","2026-01-23T17:19:58"
"reference_docs","DOCUMENTATION_INDEX.md","docs\archive\DOCUMENTATION_INDEX.md","docs\archive","7.05","2026-01-11T12:31:59"
"reference_docs","GAPS_IMPLEMENTATION_FINAL_STATUS.md","docs\archive\GAPS_IMPLEMENTATION_FINAL_STATUS.md","docs\archive","5.75","2026-01-31T20:29:41"
"reference_docs","GAPS_IMPLEMENTATION_SUMMARY.md","docs\archive\GAPS_IMPLEMENTATION_SUMMARY.md","docs\archive","6.25","2026-01-31T20:29:41"
"reference_docs","LIVE_STATUS_AND_GATES_ACCURATE.md","docs\archive\LIVE_STATUS_AND_GATES_ACCURATE.md","docs\archive","12.82","2026-01-31T20:29:41"
"reference_docs","MASTER_PLAN_LOCKED.md","docs\archive\MASTER_PLAN_LOCKED.md","docs\archive","2.01","2026-01-23T21:22:18"
"reference_docs","MESSAGE_SAVING_SUMMARY.md","docs\archive\MESSAGE_SAVING_SUMMARY.md","docs\archive","7.16","2026-01-09T18:30:56"
"reference_docs","MOBILE_FRIENDLY_CONFIG.md","docs\archive\MOBILE_FRIENDLY_CONFIG.md","docs\archive","10.35","2026-01-31T20:29:41"
"reference_docs","MOVE_1_FAILURES.md","docs\archive\MOVE_1_FAILURES.md","docs\archive","6.39","2026-01-31T20:29:41"
"reference_docs","ONBOARDING_ENHANCEMENTS_COMPLETE.md","docs\archive\ONBOARDING_ENHANCEMENTS_COMPLETE.md","docs\archive","8.16","2026-01-23T10:17:20"
"reference_docs","ONBOARDING_ENHANCEMENTS_VERIFICATION.md","docs\archive\ONBOARDING_ENHANCEMENTS_VERIFICATION.md","docs\archive","7.25","2026-01-23T10:24:37"
"reference_docs","ORGANIZATION_COMPLETE.md","docs\archive\ORGANIZATION_COMPLETE.md","docs\archive","10","2026-01-11T12:31:59"
"reference_docs","PURETASK_CURRENT_STAGE.md","docs\archive\PURETASK_CURRENT_STAGE.md","docs\archive","6.52","2026-01-22T22:47:27"
"reference_docs","RAILWAY_BUILD_FIX.md","docs\archive\RAILWAY_BUILD_FIX.md","docs\archive","1.74","2026-01-31T20:29:41"
"reference_docs","RAILWAY_DEPLOYMENT_FIX.md","docs\archive\RAILWAY_DEPLOYMENT_FIX.md","docs\archive","2.2","2026-01-24T02:48:38"
"reference_docs","RAILWAY_ENV_VARS_VERIFICATION.md","docs\archive\RAILWAY_ENV_VARS_VERIFICATION.md","docs\archive","6.18","2026-01-22T19:50:42"
"reference_docs","RAILWAY_QUICK_FIX.md","docs\archive\RAILWAY_QUICK_FIX.md","docs\archive","2.29","2026-01-24T02:53:13"
"reference_docs","RAILWAY_SETUP_GUIDE.md","docs\archive\RAILWAY_SETUP_GUIDE.md","docs\archive","4.17","2026-01-24T02:51:05"
"reference_docs","README_TESTING.md","docs\archive\README_TESTING.md","docs\archive","0.83","2026-01-23T17:19:58"
"reference_docs","REMAINING_TODOS_GUIDE.md","docs\archive\REMAINING_TODOS_GUIDE.md","docs\archive","9.44","2026-01-10T22:03:22"
"reference_docs","SERVER_STARTED.md","docs\archive\SERVER_STARTED.md","docs\archive","1.76","2026-01-31T20:29:41"
"reference_docs","SERVER_STARTUP_GUIDE.md","docs\archive\SERVER_STARTUP_GUIDE.md","docs\archive","2.66","2026-01-31T20:29:41"
"reference_docs","SERVER_STATUS.md","docs\archive\SERVER_STATUS.md","docs\archive","1.94","2026-01-31T20:29:41"
"reference_docs","SOFT_LAUNCH_30_DAY_PLAN.md","docs\archive\SOFT_LAUNCH_30_DAY_PLAN.md","docs\archive","20.85","2026-01-23T20:37:11"
"reference_docs","START_HERE_GUIDES_INDEX.md","docs\archive\START_HERE_GUIDES_INDEX.md","docs\archive","11.66","2026-01-11T12:37:32"
"reference_docs","TESTING_CAMPAIGNS.md","docs\archive\TESTING_CAMPAIGNS.md","docs\archive","8.88","2026-01-31T20:29:41"
"reference_docs","TESTING_EXPLANATIONS.md","docs\archive\TESTING_EXPLANATIONS.md","docs\archive","17.63","2026-01-31T20:29:41"
"reference_docs","TESTING_STRATEGY_GAPS_ANALYSIS.md","docs\archive\TESTING_STRATEGY_GAPS_ANALYSIS.md","docs\archive","19.61","2026-01-31T20:29:41"
"reference_docs","ADDITIONAL_TABLES_NEEDED.md","docs\database\ADDITIONAL_TABLES_NEEDED.md","docs\database","2.7","2026-01-09T19:00:43"
"reference_docs","MIGRATION_WALKTHROUGH.md","docs\database\MIGRATION_WALKTHROUGH.md","docs\database","7.68","2026-01-09T19:30:17"
"reference_docs","MIGRATIONS.md","docs\database\MIGRATIONS.md","docs\database","0.83","2025-12-21T00:53:32"
"reference_docs","N8N_IMPORT_INSTRUCTIONS.md","docs\database\N8N_IMPORT_INSTRUCTIONS.md","docs\database","3.93","2025-12-21T08:00:05"
"reference_docs","NEON_DATABASE_SETUP.md","docs\database\NEON_DATABASE_SETUP.md","docs\database","6.17","2026-01-09T18:53:29"
"reference_docs","STEP_1_APPLY_INDEXES_GUIDE.md","docs\database\STEP_1_APPLY_INDEXES_GUIDE.md","docs\database","7","2026-01-11T11:45:08"
"reference_docs","BACKUP_COMPLETE_GITHUB.md","docs\deployment\BACKUP_COMPLETE_GITHUB.md","docs\deployment","6.16","2026-01-11T11:45:08"
"reference_docs","DEPLOY_TO_RAILWAY.md","docs\deployment\DEPLOY_TO_RAILWAY.md","docs\deployment","11.65","2025-12-26T11:52:40"
"reference_docs","DEPLOYMENT_PREPARATION_GUIDE.md","docs\deployment\DEPLOYMENT_PREPARATION_GUIDE.md","docs\deployment","9.28","2026-01-10T22:06:09"
"reference_docs","LAUNCH_READINESS_CHECKLIST.md","docs\deployment\LAUNCH_READINESS_CHECKLIST.md","docs\deployment","0.52","2025-12-21T00:53:32"
"reference_docs","PATH_TO_LAUNCH.md","docs\deployment\PATH_TO_LAUNCH.md","docs\deployment","0.52","2025-12-21T00:53:32"
"reference_docs","PUSH_FRONTEND_TO_GITHUB_GUIDE.md","docs\deployment\PUSH_FRONTEND_TO_GITHUB_GUIDE.md","docs\deployment","6.39","2026-01-31T20:29:41"
"reference_docs","RAILWAY_DEPLOYMENT_ANALYSIS.md","docs\deployment\RAILWAY_DEPLOYMENT_ANALYSIS.md","docs\deployment","8.33","2025-12-26T09:58:00"
"reference_docs","RAILWAY_DEPLOYMENT_FIX.md","docs\deployment\RAILWAY_DEPLOYMENT_FIX.md","docs\deployment","5.86","2025-12-27T16:16:01"
"reference_docs","RAILWAY_SETUP_CHECKLIST.md","docs\deployment\RAILWAY_SETUP_CHECKLIST.md","docs\deployment","7.49","2025-12-26T10:49:08"
"reference_docs","DETAILED_IMPLEMENTATION_STEPS.md","docs\DETAILED_IMPLEMENTATION_STEPS.md","docs","0.99","2026-01-31T20:29:41"
"reference_docs","API.md","docs\guides\API.md","docs\guides","8.12","2026-01-31T20:29:41"
"reference_docs","BEGINNER_GUIDE_DAY_1.md","docs\guides\BEGINNER_GUIDE_DAY_1.md","docs\guides","28.97","2026-01-10T01:32:57"
"reference_docs","CODEBASE_NAVIGATION_GUIDE.md","docs\guides\CODEBASE_NAVIGATION_GUIDE.md","docs\guides","31.74","2026-01-11T12:16:34"
"reference_docs","CONNECTING_FRONTEND_BACKEND.md","docs\guides\CONNECTING_FRONTEND_BACKEND.md","docs\guides","12.87","2026-01-11T11:56:07"
"reference_docs","DEBUG_SETUP_GUIDE.md","docs\guides\DEBUG_SETUP_GUIDE.md","docs\guides","8.71","2025-12-24T10:49:06"
"reference_docs","PURETASK_ARCHITECTURE_EXPLAINED.md","docs\guides\PURETASK_ARCHITECTURE_EXPLAINED.md","docs\guides","36.11","2026-01-31T20:29:41"
"reference_docs","QUICK_START_GUIDE.md","docs\guides\QUICK_START_GUIDE.md","docs\guides","3.16","2026-01-10T21:44:20"
"reference_docs","QUICK_START_TROUBLESHOOTING.md","docs\guides\QUICK_START_TROUBLESHOOTING.md","docs\guides","1.63","2026-01-31T20:29:41"
"reference_docs","JWT_AUTHENTICATION_GUIDE.md","docs\JWT_AUTHENTICATION_GUIDE.md","docs","14.2","2026-01-31T20:29:41"
"reference_docs","N8N_COMPLETE_CONFIG.md","docs\N8N_COMPLETE_CONFIG.md","docs","11.55","2026-01-31T20:29:41"
"reference_docs","N8N_ENV_CONFIG.md","docs\N8N_ENV_CONFIG.md","docs","0.73","2026-01-31T20:29:41"
"reference_docs","N8N_MCP_INTEGRATION.md","docs\N8N_MCP_INTEGRATION.md","docs","8.17","2026-01-31T20:29:41"
"reference_docs","PRODUCTION_READINESS.md","docs\PRODUCTION_READINESS.md","docs","10.76","2025-12-28T16:35:02"
"reference_docs","README.md","docs\README.md","docs","6.27","2026-01-11T12:31:59"
"reference_docs","handle-incident.md","docs\runbooks\handle-incident.md","docs\runbooks","2.6","2026-01-31T17:42:57"
"reference_docs","restore-from-backup.md","docs\runbooks\restore-from-backup.md","docs\runbooks","2.19","2026-01-31T17:42:49"
"reference_docs","rollback-deploy.md","docs\runbooks\rollback-deploy.md","docs\runbooks","2.32","2026-01-31T17:43:03"
"reference_docs","DB_SCHEMA_MIGRATION.md","docs\specs\infra\DB_SCHEMA_MIGRATION.md","docs\specs\infra","1.62","2025-12-21T00:53:32"
"reference_docs","MONITORING_ALERTING.md","docs\specs\infra\MONITORING_ALERTING.md","docs\specs\infra","1.44","2025-12-21T00:53:32"
"reference_docs","README.md","docs\specs\README.md","docs\specs","1.63","2025-12-21T00:53:32"
"reference_docs","ALL_TODOS_COMPLETE.md","docs\status-reports\ALL_TODOS_COMPLETE.md","docs\status-reports","10.59","2026-01-10T22:03:22"
"reference_docs","COMPLETION_SUMMARY.md","docs\status-reports\COMPLETION_SUMMARY.md","docs\status-reports","6.24","2025-12-21T07:21:08"
"reference_docs","COMPREHENSIVE_6_HOUR_SUMMARY.md","docs\status-reports\COMPREHENSIVE_6_HOUR_SUMMARY.md","docs\status-reports","17.07","2025-12-21T08:05:32"
"reference_docs","FINAL_STATUS_REPORT.md","docs\status-reports\FINAL_STATUS_REPORT.md","docs\status-reports","3.75","2026-01-31T20:29:41"
"reference_docs","PROJECT_COMPLETION_CERTIFICATE_FINAL.md","docs\status-reports\PROJECT_COMPLETION_CERTIFICATE_FINAL.md","docs\status-reports","8.81","2026-01-31T20:29:41"
"reference_docs","SESSION_COMPLETE_SUMMARY.md","docs\status-reports\SESSION_COMPLETE_SUMMARY.md","docs\status-reports","16.99","2026-01-09T16:57:05"
"reference_docs","STRIPE_TESTING.md","docs\STRIPE_TESTING.md","docs","5.56","2026-01-31T20:29:41"
"reference_docs","CONNECTION_TEST_RESULTS.md","docs\testing\CONNECTION_TEST_RESULTS.md","docs\testing","7.76","2026-01-31T20:29:41"
"reference_docs","SECURITY_AUDIT_COMPLETE.md","docs\testing\SECURITY_AUDIT_COMPLETE.md","docs\testing","13.61","2026-01-10T21:18:06"
"reference_docs","SECURITY_AUDIT_REPORT.md","docs\testing\SECURITY_AUDIT_REPORT.md","docs\testing","15.3","2026-01-31T20:29:41"
"reference_docs","SETUP_COMPLETE_TEST_PAGE.md","docs\testing\SETUP_COMPLETE_TEST_PAGE.md","docs\testing","5.06","2026-01-09T18:07:22"
"reference_docs","VERIFICATION_CHECKLIST.md","docs\testing\VERIFICATION_CHECKLIST.md","docs\testing","10.77","2025-12-26T05:05:19"
"reference_docs","V1_COMPLETE_SUMMARY.md","docs\V1_COMPLETE_SUMMARY.md","docs","3.93","2026-01-31T20:29:41"
"reference_docs","V1_COMPLETION_SUMMARY.md","docs\V1_COMPLETION_SUMMARY.md","docs","6.32","2026-01-31T20:29:41"
"reference_docs","V2_EXECUTION_COMPLETE.md","docs\V2_EXECUTION_COMPLETE.md","docs","5.95","2026-01-31T20:29:41"
"reference_docs","V2_EXECUTION_PLAN.md","docs\V2_EXECUTION_PLAN.md","docs","6.67","2026-01-31T20:29:41"
"reference_docs","V3_COMPLETE_SUMMARY.md","docs\V3_COMPLETE_SUMMARY.md","docs","4.4","2026-01-31T20:29:41"
"reference_docs","V3_DEPLOYMENT_COMPLETE.md","docs\V3_DEPLOYMENT_COMPLETE.md","docs","3.92","2026-01-31T20:29:41"
"reference_docs","V3_DEPLOYMENT_VERIFICATION.md","docs\V3_DEPLOYMENT_VERIFICATION.md","docs","7.73","2026-01-31T20:29:41"
"reference_docs","V3_NEXT_STEPS.md","docs\V3_NEXT_STEPS.md","docs","6.55","2026-01-31T20:29:41"
"reference_docs","V3_NEXT_STEPS_COMPLETE.md","docs\V3_NEXT_STEPS_COMPLETE.md","docs","4.21","2026-01-31T20:29:41"
"reference_docs","V4_CAPABILITIES_COMPLETE.md","docs\V4_CAPABILITIES_COMPLETE.md","docs","14.26","2026-01-31T20:29:41"
"reference_docs","V4_DEPLOYMENT_COMPLETE.md","docs\V4_DEPLOYMENT_COMPLETE.md","docs","5.9","2026-01-31T20:29:41"
"reference_docs","V4_DEPLOYMENT_VERIFICATION.md","docs\V4_DEPLOYMENT_VERIFICATION.md","docs","6.9","2026-01-31T20:29:41"
"reference_docs","MASTER_CHECKLIST.md","docs\versions\MASTER_CHECKLIST.md","docs\versions","22.15","2025-12-21T00:53:32"
"reference_docs","V1_PLAN.md","docs\versions\V1_PLAN.md","docs\versions","9.09","2025-12-21T00:53:32"
"reference_docs","ENV_VARS_CHECKLIST.md","ENV_VARS_CHECKLIST.md","","3.54","2026-01-22T19:38:22"
"reference_docs","README.md","mcp\README.md","mcp","1.67","2025-12-25T21:46:28"
"reference_docs","NEXT_5_STRATEGIC_MOVES.md","NEXT_5_STRATEGIC_MOVES.md","","14.31","2026-01-31T20:29:41"
"reference_docs","README.md","nodeSetup\README.md","nodeSetup","0.65","2025-12-26T04:30:54"
"reference_docs","README.md","README.md","","4.93","2026-01-28T03:46:25"
"reference_docs","railway-variables-checklist.md","scripts\railway-variables-checklist.md","scripts","1.54","2025-12-21T00:53:35"
"reference_docs","setup-railway-cron.md","scripts\setup-railway-cron.md","scripts","3.84","2025-12-21T00:53:35"
"reference_docs","SERVER_STARTUP_GUIDE.md","SERVER_STARTUP_GUIDE.md","","2.66","2026-01-31T20:29:41"
"reference_docs","README.md","src\tests\README.md","src\tests","0.4","2025-12-21T00:53:35"
"uncategorized","EVENT_SYSTEM_SPEC.md","docs\_active\architecture\EVENT_SYSTEM_SPEC.md","docs\_active\architecture","8.8","2026-01-31T20:29:41"
"uncategorized","ROUTES_CATALOG.md","docs\_active\architecture\ROUTES_CATALOG.md","docs\_active\architecture","0.52","2026-01-31T20:29:41"
"uncategorized","SERVICES_CATALOG.md","docs\_active\architecture\SERVICES_CATALOG.md","docs\_active\architecture","1.46","2026-01-31T20:29:41"
"uncategorized","TESTING_GUIDE.md","docs\_active\development\TESTING_GUIDE.md","docs\_active\development","22.49","2026-01-31T20:29:41"
"uncategorized","email-registry.md","docs\_active\operations\email-registry.md","docs\_active\operations","11.41","2026-01-31T20:29:41"
"uncategorized","n8n-universal-sender-workflow-spec.md","docs\_active\operations\n8n-universal-sender-workflow-spec.md","docs\_active\operations","9.28","2026-01-31T20:29:41"
"uncategorized","ANALYSIS_REPORT_REVIEW.md","docs\_archive\old-analyses\ANALYSIS_REPORT_REVIEW.md","docs\_archive\old-analyses","4.21","2026-01-31T20:29:41"
"uncategorized","BEST_PRACTICES_REVIEW.md","docs\_archive\old-analyses\BEST_PRACTICES_REVIEW.md","docs\_archive\old-analyses","4.09","2026-01-31T20:29:41"
"uncategorized","LINTING_REPORT.md","docs\_archive\old-analyses\LINTING_REPORT.md","docs\_archive\old-analyses","1.91","2026-01-31T20:29:41"
"uncategorized","STATE_MACHINE_REVIEW.md","docs\_archive\old-analyses\STATE_MACHINE_REVIEW.md","docs\_archive\old-analyses","9.83","2026-01-31T20:29:41"
"uncategorized","TEST_BEST_PRACTICES_REVIEW.md","docs\_archive\old-analyses\TEST_BEST_PRACTICES_REVIEW.md","docs\_archive\old-analyses","9.49","2026-01-31T20:29:41"
"uncategorized","N8N_WORKFLOW_VALIDATION.md","docs\_archive\old-misc\N8N_WORKFLOW_VALIDATION.md","docs\_archive\old-misc","4.05","2026-01-31T20:29:41"
"uncategorized","IMPLEMENTATION_ACTION_PLAN.md","docs\_archive\old-plans\IMPLEMENTATION_ACTION_PLAN.md","docs\_archive\old-plans","4.45","2026-01-31T20:29:41"
"uncategorized","IMPLEMENTATION_PLAN.md","docs\_archive\old-plans\IMPLEMENTATION_PLAN.md","docs\_archive\old-plans","4.81","2026-01-31T20:29:41"
"uncategorized","NEXT_STEPS_CURRENT.md","docs\_archive\old-plans\NEXT_STEPS_CURRENT.md","docs\_archive\old-plans","6.28","2026-01-31T20:29:41"
"uncategorized","DATABASE_TEST_REPORT.md","docs\_archive\old-tests\DATABASE_TEST_REPORT.md","docs\_archive\old-tests","3.71","2026-01-31T20:29:41"
"uncategorized","TEST_RESULTS_SUMMARY.md","docs\_archive\old-tests\TEST_RESULTS_SUMMARY.md","docs\_archive\old-tests","2.92","2026-01-31T20:29:41"
"uncategorized","V2_TESTING_SUMMARY.md","docs\_archive\old-tests\V2_TESTING_SUMMARY.md","docs\_archive\old-tests","4.11","2026-01-31T20:29:41"
"uncategorized","V4_TESTING_SUMMARY.md","docs\_archive\old-tests\V4_TESTING_SUMMARY.md","docs\_archive\old-tests","4.96","2026-01-31T20:29:41"
"uncategorized","WORKER_DRY_RUN_ISSUES.md","docs\_archive\old-tests\WORKER_DRY_RUN_ISSUES.md","docs\_archive\old-tests","4.51","2026-01-31T20:29:41"
"uncategorized","FUTURE_FEATURES.md","docs\_future\v5-planning\FUTURE_FEATURES.md","docs\_future\v5-planning","0.09","2026-01-31T20:29:41"
"uncategorized","ROADMAP.md","docs\_future\v5-planning\ROADMAP.md","docs\_future\v5-planning","0.08","2026-01-31T20:29:41"
"uncategorized","V5_CAPABILITIES_ANALYSIS.md","docs\_future\v5-planning\V5_CAPABILITIES_ANALYSIS.md","docs\_future\v5-planning","15.3","2026-01-31T20:29:41"
"uncategorized","md_report.md","docs\_md_inventory\md_report.md","docs\_md_inventory","11.34","2026-01-31T20:31:13"
"uncategorized","CRON_JOBS_AND_NOTIFICATIONS.md","docs\active\CRON_JOBS_AND_NOTIFICATIONS.md","docs\active","14.95","2026-01-31T20:29:41"
"uncategorized","GDPR_COMPLIANCE.md","docs\active\GDPR_COMPLIANCE.md","docs\active","7.02","2026-01-31T20:29:41"
"uncategorized","NOTIFICATION_DEDUPE_STRATEGY.md","docs\active\NOTIFICATION_DEDUPE_STRATEGY.md","docs\active","5.93","2026-01-31T20:29:41"
"uncategorized","NOTIFICATION_MATURITY_UPGRADES.md","docs\active\NOTIFICATION_MATURITY_UPGRADES.md","docs\active","6.49","2026-01-31T20:29:41"
"uncategorized","NOTIFICATION_SENDER_ANALYSIS.md","docs\active\NOTIFICATION_SENDER_ANALYSIS.md","docs\active","9.47","2026-01-31T20:29:41"
"uncategorized","SECTION_8_SECURITY_ASSESSMENT.md","docs\active\SECTION_8_SECURITY_ASSESSMENT.md","docs\active","8.23","2026-01-31T20:29:41"
"uncategorized","SECTION_9_MAINTAINABILITY_ASSESSMENT.md","docs\active\SECTION_9_MAINTAINABILITY_ASSESSMENT.md","docs\active","7.48","2026-01-31T20:29:41"
"uncategorized","SECURITY_AUDIT.md","docs\active\SECURITY_AUDIT.md","docs\active","7.09","2026-01-31T20:29:41"
"uncategorized","WORKER_HARDENING.md","docs\active\WORKER_HARDENING.md","docs\active","5.84","2026-01-31T20:29:41"
"uncategorized","ADMIN_USER_CREATED.md","docs\admin\ADMIN_USER_CREATED.md","docs\admin","9.58","2026-01-31T20:29:41"
"uncategorized","ADMIN_DASHBOARD_FRONTEND.md","docs\ADMIN_DASHBOARD_FRONTEND.md","docs","11.83","2026-01-31T20:29:41"
"uncategorized","AI_ASSISTANT_BEST_PRACTICES.md","docs\ai-assistant\AI_ASSISTANT_BEST_PRACTICES.md","docs\ai-assistant","22.01","2026-01-31T20:29:41"
"uncategorized","AI_ASSISTANT_LIVE_AND_WORKING.md","docs\ai-assistant\AI_ASSISTANT_LIVE_AND_WORKING.md","docs\ai-assistant","10.37","2026-01-31T20:29:41"
"uncategorized","AI_ASSISTANT_READY_TO_USE.md","docs\ai-assistant\AI_ASSISTANT_READY_TO_USE.md","docs\ai-assistant","7.78","2026-01-31T20:29:41"
"uncategorized","TEST_AI_ASSISTANT_PAGE.md","docs\ai-assistant\TEST_AI_ASSISTANT_PAGE.md","docs\ai-assistant","9.76","2026-01-31T20:29:41"
"uncategorized","TEST_AI_QUICK_START.md","docs\ai-assistant\TEST_AI_QUICK_START.md","docs\ai-assistant","6.02","2026-01-31T20:29:41"
"uncategorized","USER_GUIDE_CLEANER_AI_ASSISTANT.md","docs\ai-assistant\USER_GUIDE_CLEANER_AI_ASSISTANT.md","docs\ai-assistant","24.57","2026-01-31T20:29:41"
"uncategorized","ENDPOINT_AUDIT.md","docs\architecture\ENDPOINT_AUDIT.md","docs\architecture","2.46","2026-01-31T20:29:41"
"uncategorized","FRONTEND_REALITY_CHECK.md","docs\architecture\FRONTEND_REALITY_CHECK.md","docs\architecture","10.55","2026-01-31T20:29:41"
"uncategorized","API_ENDPOINTS_SUMMARY.md","docs\archive\API_ENDPOINTS_SUMMARY.md","docs\archive","2.59","2026-01-31T20:29:41"
"uncategorized","APPLY_COMPONENTS_TO_PAGES.md","docs\archive\APPLY_COMPONENTS_TO_PAGES.md","docs\archive","3.12","2026-01-31T20:29:41"
"uncategorized","AUDIT_RESULTS_SUMMARY.md","docs\archive\AUDIT_RESULTS_SUMMARY.md","docs\archive","2.45","2026-01-31T20:29:41"
"uncategorized","BACK_BUTTON_ADDED.md","docs\archive\BACK_BUTTON_ADDED.md","docs\archive","7.94","2026-01-31T20:29:41"
"uncategorized","BATCH_APPLY_COMPONENTS.md","docs\archive\BATCH_APPLY_COMPONENTS.md","docs\archive","1.49","2026-01-31T20:29:41"
"uncategorized","CLEANER_FLOW_ANALYSIS.md","docs\archive\CLEANER_FLOW_ANALYSIS.md","docs\archive","5.09","2026-01-31T20:29:41"
"uncategorized","ENDPOINT_VERIFICATION_REPORT.md","docs\archive\ENDPOINT_VERIFICATION_REPORT.md","docs\archive","13.96","2026-01-31T20:29:41"
"uncategorized","ENGINES_WORKERS_AUTOMATION_REPORT.md","docs\archive\ENGINES_WORKERS_AUTOMATION_REPORT.md","docs\archive","16.31","2026-01-31T20:29:41"
"uncategorized","FILE_LOCATIONS.md","docs\archive\FILE_LOCATIONS.md","docs\archive","4.17","2026-01-31T20:29:41"
"uncategorized","FRONTEND_BUILD_REQUIREMENTS.md","docs\archive\FRONTEND_BUILD_REQUIREMENTS.md","docs\archive","22.64","2026-01-31T20:29:41"
"uncategorized","FRONTEND_COMPLETION_PLAN.md","docs\archive\FRONTEND_COMPLETION_PLAN.md","docs\archive","3.55","2026-01-31T20:29:41"
"uncategorized","FRONTEND_COMPLETION_SUMMARY.md","docs\archive\FRONTEND_COMPLETION_SUMMARY.md","docs\archive","3.6","2026-01-31T20:29:41"
"uncategorized","FRONTEND_ENHANCEMENTS_SUMMARY.md","docs\archive\FRONTEND_ENHANCEMENTS_SUMMARY.md","docs\archive","3.03","2026-01-31T20:29:41"
"uncategorized","FRONTEND_MISSING_ITEMS_ANALYSIS.md","docs\archive\FRONTEND_MISSING_ITEMS_ANALYSIS.md","docs\archive","9.85","2026-01-31T20:29:41"
"uncategorized","GAPS_IMPLEMENTATION_PLAN.md","docs\archive\GAPS_IMPLEMENTATION_PLAN.md","docs\archive","3.81","2026-01-31T20:29:41"
"uncategorized","MANSION_OPTIMIZED.md","docs\archive\MANSION_OPTIMIZED.md","docs\archive","19.86","2026-01-31T20:29:41"
"uncategorized","MASTER_ROLLOUT_PLAN.md","docs\archive\MASTER_ROLLOUT_PLAN.md","docs\archive","14.46","2026-01-31T20:29:41"
"uncategorized","MOBILE_IMPLEMENTATION_CHECKLIST.md","docs\archive\MOBILE_IMPLEMENTATION_CHECKLIST.md","docs\archive","1.46","2026-01-31T20:29:41"
"uncategorized","MOBILE_PHASE_1_2_SUMMARY.md","docs\archive\MOBILE_PHASE_1_2_SUMMARY.md","docs\archive","3.15","2026-01-31T20:29:41"
"uncategorized","MOVE_1_DETAILED_PLAN.md","docs\archive\MOVE_1_DETAILED_PLAN.md","docs\archive","21.99","2026-01-31T20:29:41"
"uncategorized","NEXT_STEPS_RECOMMENDATIONS.md","docs\archive\NEXT_STEPS_RECOMMENDATIONS.md","docs\archive","6.28","2026-01-31T20:29:41"
"uncategorized","NON_CRITICAL_PAGES_OUTLINE.md","docs\archive\NON_CRITICAL_PAGES_OUTLINE.md","docs\archive","9.61","2026-01-31T20:29:41"
"uncategorized","PROJECT_GAPS_ANALYSIS.md","docs\archive\PROJECT_GAPS_ANALYSIS.md","docs\archive","8.53","2026-01-31T20:29:41"
"uncategorized","PURETASK_IMPROVEMENTS_ANALYSIS.md","docs\archive\PURETASK_IMPROVEMENTS_ANALYSIS.md","docs\archive","32.27","2026-01-31T20:29:41"
"uncategorized","SAVE_EVERYTHING_QUICK_GUIDE.md","docs\archive\SAVE_EVERYTHING_QUICK_GUIDE.md","docs\archive","8.06","2026-01-31T20:29:41"
"uncategorized","SOFT_LAUNCH_CHECKLIST.md","docs\archive\SOFT_LAUNCH_CHECKLIST.md","docs\archive","4.86","2026-01-31T20:29:41"
"uncategorized","TESTING_QUICK_REFERENCE.md","docs\archive\TESTING_QUICK_REFERENCE.md","docs\archive","2.21","2026-01-31T20:29:41"
"uncategorized","TESTING_STRATEGY_SUMMARY.md","docs\archive\TESTING_STRATEGY_SUMMARY.md","docs\archive","4.66","2026-01-31T20:29:41"
"uncategorized","TESTING_VERIFICATION_REPORT.md","docs\archive\TESTING_VERIFICATION_REPORT.md","docs\archive","4.49","2026-01-31T20:29:41"
"uncategorized","ENGINE_ADMIN_OPS.md","docs\blueprint\ENGINE_ADMIN_OPS.md","docs\blueprint","3.51","2026-01-31T20:29:41"
"uncategorized","ENGINE_ANALYTICS_KPIS.md","docs\blueprint\ENGINE_ANALYTICS_KPIS.md","docs\blueprint","3.59","2026-01-31T20:29:41"
"uncategorized","ENGINE_BOOKING.md","docs\blueprint\ENGINE_BOOKING.md","docs\blueprint","5.81","2026-01-31T20:29:41"
"uncategorized","ENGINE_CREDITS_PAYMENTS.md","docs\blueprint\ENGINE_CREDITS_PAYMENTS.md","docs\blueprint","4.99","2026-01-31T20:29:41"
"uncategorized","ENGINE_DISPUTES.md","docs\blueprint\ENGINE_DISPUTES.md","docs\blueprint","4.02","2026-01-31T20:29:41"
"uncategorized","ENGINE_MATCHING.md","docs\blueprint\ENGINE_MATCHING.md","docs\blueprint","4.27","2026-01-31T20:29:41"
"uncategorized","ENGINE_MESSAGING_NOTIFICATIONS.md","docs\blueprint\ENGINE_MESSAGING_NOTIFICATIONS.md","docs\blueprint","3.8","2026-01-31T20:29:41"
"uncategorized","ENGINE_PAYOUTS.md","docs\blueprint\ENGINE_PAYOUTS.md","docs\blueprint","4.33","2026-01-31T20:29:41"
"uncategorized","ENGINE_PRICING.md","docs\blueprint\ENGINE_PRICING.md","docs\blueprint","4.35","2026-01-31T20:29:41"
"uncategorized","ENGINE_RELIABILITY_TIERS.md","docs\blueprint\ENGINE_RELIABILITY_TIERS.md","docs\blueprint","4.23","2026-01-31T20:29:41"
"uncategorized","ENGINE_RISK_FRAUD.md","docs\blueprint\ENGINE_RISK_FRAUD.md","docs\blueprint","3.8","2026-01-31T20:29:41"
"uncategorized","ENGINE_SUBSCRIPTIONS.md","docs\blueprint\ENGINE_SUBSCRIPTIONS.md","docs\blueprint","4.17","2026-01-31T20:29:41"
"uncategorized","PURETASK_AUTOMATION_WORKER_MODEL.md","docs\blueprint\PURETASK_AUTOMATION_WORKER_MODEL.md","docs\blueprint","4.01","2026-01-31T20:29:41"
"uncategorized","PURETASK_DATA_MODEL.md","docs\blueprint\PURETASK_DATA_MODEL.md","docs\blueprint","5.12","2026-01-31T20:29:41"
"uncategorized","PURETASK_JOURNEYS.md","docs\blueprint\PURETASK_JOURNEYS.md","docs\blueprint","4.33","2026-01-31T20:29:41"
"uncategorized","PURETASK_MARKETPLACE_ECONOMICS.md","docs\blueprint\PURETASK_MARKETPLACE_ECONOMICS.md","docs\blueprint","3.77","2026-01-31T20:29:41"
"uncategorized","GITHUB_PUSH_SUMMARY.md","docs\deployment\GITHUB_PUSH_SUMMARY.md","docs\deployment","2.13","2026-01-31T20:29:41"
"uncategorized","COMMANDS.md","docs\guides\COMMANDS.md","docs\guides","18.55","2026-01-31T20:29:41"
"uncategorized","CREATE_TEST_ACCOUNTS_GUIDE.md","docs\guides\CREATE_TEST_ACCOUNTS_GUIDE.md","docs\guides","12.69","2026-01-31T20:29:41"
"uncategorized","MAKING_CHANGES_GUIDE.md","docs\guides\MAKING_CHANGES_GUIDE.md","docs\guides","23.96","2026-01-31T20:29:41"
"uncategorized","MASTER_TESTING_GUIDE.md","docs\guides\MASTER_TESTING_GUIDE.md","docs\guides","14.42","2026-01-31T20:29:41"
"uncategorized","QUICK_6_HOUR_OVERVIEW.md","docs\guides\QUICK_6_HOUR_OVERVIEW.md","docs\guides","4","2026-01-31T20:29:41"
"uncategorized","QUICK_REFERENCE_CARD.md","docs\guides\QUICK_REFERENCE_CARD.md","docs\guides","7.22","2026-01-31T20:29:41"
"uncategorized","START_HERE_DAY_1.md","docs\guides\START_HERE_DAY_1.md","docs\guides","15.66","2026-01-31T20:29:41"
"uncategorized","WHAT_YOU_ACTUALLY_NEED.md","docs\guides\WHAT_YOU_ACTUALLY_NEED.md","docs\guides","13.16","2026-01-31T20:29:41"
"uncategorized","IMPLEMENTATION_GUIDE.md","docs\IMPLEMENTATION_GUIDE.md","docs","0.21","2026-01-31T20:29:41"
"uncategorized","JWT_QUICK_REFERENCE.md","docs\JWT_QUICK_REFERENCE.md","docs","3.11","2026-01-31T20:29:41"
"uncategorized","N8N_API_CLIENT.md","docs\N8N_API_CLIENT.md","docs","8.34","2026-01-31T20:29:41"
"uncategorized","N8N_WEBHOOK_SECRET.md","docs\N8N_WEBHOOK_SECRET.md","docs","9.62","2026-01-31T20:29:41"
"uncategorized","ADMIN_DISPUTE_RESOLUTION.md","docs\specs\admin\ADMIN_DISPUTE_RESOLUTION.md","docs\specs\admin","0.86","2026-01-31T20:29:41"
"uncategorized","ADMIN_EARNINGS_ADJUSTMENT.md","docs\specs\admin\ADMIN_EARNINGS_ADJUSTMENT.md","docs\specs\admin","0.55","2026-01-31T20:29:41"
"uncategorized","ADMIN_JOB_OVERRIDE_TOOLS.md","docs\specs\admin\ADMIN_JOB_OVERRIDE_TOOLS.md","docs\specs\admin","0.88","2026-01-31T20:29:41"
"uncategorized","ADMIN_MONITORING_LOGGING.md","docs\specs\admin\ADMIN_MONITORING_LOGGING.md","docs\specs\admin","0.76","2026-01-31T20:29:41"
"uncategorized","ADMIN_REFUND_CONTROLS.md","docs\specs\admin\ADMIN_REFUND_CONTROLS.md","docs\specs\admin","0.74","2026-01-31T20:29:41"
"uncategorized","ADMIN_RISK_FRAUD_CONTROLS.md","docs\specs\admin\ADMIN_RISK_FRAUD_CONTROLS.md","docs\specs\admin","0.64","2026-01-31T20:29:41"
"uncategorized","ADMIN_WALLET_CONTROLS.md","docs\specs\admin\ADMIN_WALLET_CONTROLS.md","docs\specs\admin","0.72","2026-01-31T20:29:41"
"uncategorized","REFUND_CHARGEBACK_SOP.md","docs\specs\admin\REFUND_CHARGEBACK_SOP.md","docs\specs\admin","2.37","2026-01-31T20:29:41"
"uncategorized","API_ENDPOINTS.md","docs\specs\infra\API_ENDPOINTS.md","docs\specs\infra","3.14","2026-01-31T20:29:41"
"uncategorized","ASSIGNMENT_ENGINE.md","docs\specs\infra\ASSIGNMENT_ENGINE.md","docs\specs\infra","2.19","2026-01-31T20:29:41"
"uncategorized","N8N_ORCHESTRATION.md","docs\specs\infra\N8N_ORCHESTRATION.md","docs\specs\infra","1.3","2026-01-31T20:29:41"
"uncategorized","PAYOUT_PROCESSOR.md","docs\specs\infra\PAYOUT_PROCESSOR.md","docs\specs\infra","1.34","2026-01-31T20:29:41"
"uncategorized","REFUND_PROCESSOR.md","docs\specs\infra\REFUND_PROCESSOR.md","docs\specs\infra","1.19","2026-01-31T20:29:41"
"uncategorized","STATE_SYNC.md","docs\specs\infra\STATE_SYNC.md","docs\specs\infra","1.73","2026-01-31T20:29:41"
"uncategorized","STRIPE_WEBHOOK_ROUTER.md","docs\specs\infra\STRIPE_WEBHOOK_ROUTER.md","docs\specs\infra","1.38","2026-01-31T20:29:41"
"uncategorized","BOOKING_SYSTEM.md","docs\specs\job\BOOKING_SYSTEM.md","docs\specs\job","3.2","2026-01-31T20:29:41"
"uncategorized","CANCELLATION_RULES.md","docs\specs\job\CANCELLATION_RULES.md","docs\specs\job","2.32","2026-01-31T20:29:41"
"uncategorized","CLEANER_WORKFLOW.md","docs\specs\job\CLEANER_WORKFLOW.md","docs\specs\job","2.47","2026-01-31T20:29:41"
"uncategorized","JOB_REASSIGNMENT.md","docs\specs\job\JOB_REASSIGNMENT.md","docs\specs\job","2.88","2026-01-31T20:29:41"
"uncategorized","NO_SHOW_DETECTION.md","docs\specs\job\NO_SHOW_DETECTION.md","docs\specs\job","1.67","2026-01-31T20:29:41"
"uncategorized","PHOTO_VERIFICATION.md","docs\specs\job\PHOTO_VERIFICATION.md","docs\specs\job","2.08","2026-01-31T20:29:41"
"uncategorized","PRICING_CREDIT_CALC.md","docs\specs\job\PRICING_CREDIT_CALC.md","docs\specs\job","2.56","2026-01-31T20:29:41"
"uncategorized","DB_CONSTRAINTS_VALIDATION.md","docs\specs\micro\DB_CONSTRAINTS_VALIDATION.md","docs\specs\micro","1.88","2025-12-21T00:53:32"
"uncategorized","EARNINGS_MATH.md","docs\specs\micro\EARNINGS_MATH.md","docs\specs\micro","1.02","2026-01-31T20:29:41"
"uncategorized","LEDGER_ENTRY_RULES.md","docs\specs\micro\LEDGER_ENTRY_RULES.md","docs\specs\micro","1.21","2026-01-31T20:29:41"
"uncategorized","RELIABILITY_SCORE.md","docs\specs\micro\RELIABILITY_SCORE.md","docs\specs\micro","0.95","2026-01-31T20:29:41"
"uncategorized","STRIPE_EVENT_HANDLING.md","docs\specs\micro\STRIPE_EVENT_HANDLING.md","docs\specs\micro","1.4","2026-01-31T20:29:41"
"uncategorized","STRIPE_IDEMPOTENCY.md","docs\specs\micro\STRIPE_IDEMPOTENCY.md","docs\specs\micro","0.97","2026-01-31T20:29:41"
"uncategorized","WALLET_MATH.md","docs\specs\micro\WALLET_MATH.md","docs\specs\micro","0.94","2026-01-31T20:29:41"
"uncategorized","ACCOUNT_SETTINGS_UX.md","docs\specs\ui\ACCOUNT_SETTINGS_UX.md","docs\specs\ui","0.81","2026-01-31T20:29:41"
"uncategorized","CLEANER_APP_UX.md","docs\specs\ui\CLEANER_APP_UX.md","docs\specs\ui","1.07","2026-01-31T20:29:41"
"uncategorized","CLEANER_PORTAL_CLIENTS_INVOICING.md","docs\specs\ui\CLEANER_PORTAL_CLIENTS_INVOICING.md","docs\specs\ui","8.4","2026-01-31T20:29:41"
"uncategorized","CLIENT_BOOKING_UX.md","docs\specs\ui\CLIENT_BOOKING_UX.md","docs\specs\ui","1.1","2026-01-31T20:29:41"
"uncategorized","CLIENT_POST_JOB_UX.md","docs\specs\ui\CLIENT_POST_JOB_UX.md","docs\specs\ui","0.97","2026-01-31T20:29:41"
"uncategorized","DISPUTE_UX.md","docs\specs\ui\DISPUTE_UX.md","docs\specs\ui","1","2026-01-31T20:29:41"
"uncategorized","PAYMENT_FAILURE_UX.md","docs\specs\ui\PAYMENT_FAILURE_UX.md","docs\specs\ui","0.68","2026-01-31T20:29:41"
"uncategorized","PAYOUT_FAILURE_UX.md","docs\specs\ui\PAYOUT_FAILURE_UX.md","docs\specs\ui","0.74","2026-01-31T20:29:41"
"uncategorized","TASK_COMPLETION_SUMMARY.md","docs\status-reports\TASK_COMPLETION_SUMMARY.md","docs\status-reports","2.56","2026-01-31T20:29:41"
"uncategorized","PERFORMANCE_OPTIMIZATION_GUIDE.md","docs\testing\PERFORMANCE_OPTIMIZATION_GUIDE.md","docs\testing","15.51","2026-01-31T20:29:41"
"uncategorized","SECURITY_AUDIT_QUICK_START.md","docs\testing\SECURITY_AUDIT_QUICK_START.md","docs\testing","1.46","2026-01-31T20:29:41"
"uncategorized","TEST_PAGE_IMPROVEMENTS.md","docs\testing\TEST_PAGE_IMPROVEMENTS.md","docs\testing","6.17","2026-01-31T20:29:41"
"uncategorized","UI_TESTING_CHECKLIST.md","docs\testing\UI_TESTING_CHECKLIST.md","docs\testing","14.25","2026-01-31T20:29:41"
"uncategorized","V1_ENABLED_FEATURES.md","docs\V1_ENABLED_FEATURES.md","docs","7.1","2026-01-31T20:29:41"
"uncategorized","V2_FEATURES_DETAILED_BREAKDOWN.md","docs\V2_FEATURES_DETAILED_BREAKDOWN.md","docs","27.13","2026-01-31T20:29:41"
"uncategorized","V3_EXECUTION_PLAN.md","docs\V3_EXECUTION_PLAN.md","docs","5.47","2026-01-31T20:29:41"
"uncategorized","V3_FEATURES_DETAILED_BREAKDOWN.md","docs\V3_FEATURES_DETAILED_BREAKDOWN.md","docs","20.28","2026-01-31T20:29:41"
"uncategorized","V4_IMPLEMENTATION_PLAN.md","docs\V4_IMPLEMENTATION_PLAN.md","docs","4.34","2026-01-31T20:29:41"
"uncategorized","VERSION_FEATURE_BREAKDOWN.md","docs\VERSION_FEATURE_BREAKDOWN.md","docs","24.19","2026-01-31T20:29:41"
"uncategorized","V2_PLAN.md","docs\versions\V2_PLAN.md","docs\versions","7.2","2026-01-31T20:29:41"
"uncategorized","V3_PLAN.md","docs\versions\V3_PLAN.md","docs\versions","8.76","2026-01-31T20:29:41"
"uncategorized","V4_PLAN.md","docs\versions\V4_PLAN.md","docs\versions","6.68","2026-01-31T20:29:41"
"uncategorized","V5_PLAN.md","docs\versions\V5_PLAN.md","docs\versions","7.29","2026-01-31T20:29:41"
"uncategorized","IMPLEMENTATION_GUIDE.md","IMPLEMENTATION_GUIDE.md","","0","2026-01-31T20:29:41"
"uncategorized","NEXT_5_MOVES.md","NEXT_5_MOVES.md","","5.72","2026-01-31T20:29:41"
"uncategorized","PRODUCT_VISION.md","product\PRODUCT_VISION.md","product","0","2026-01-31T20:29:41"
"uncategorized","PURETASK_LONG_TERM_ROADMAP.md","product\PURETASK_LONG_TERM_ROADMAP.md","product","0","2026-01-31T20:29:41"
"uncategorized","TEST_ACCOUNTS_REFERENCE.md","TEST_ACCOUNTS_REFERENCE.md","","9.81","2026-01-31T20:29:41"
